SET FOREIGN_KEY_CHECKS = 0;

-- Struktura tabeli `uprawnienia`
CREATE TABLE `uprawnienia` (
  `id_uprawnienia` int(11) NOT NULL AUTO_INCREMENT,
  `nazwa` varchar(255) NOT NULL,
  PRIMARY KEY (`id_uprawnienia`)
) ENGINE=InnoDB AUTO_INCREMENT=4 DEFAULT CHARSET=utf8mb4 COLLATE=utf8mb4_general_ci;

-- Struktura tabeli `uzytkownicy`
CREATE TABLE `uzytkownicy` (
  `id` int(11) NOT NULL AUTO_INCREMENT,
  `login` text DEFAULT NULL,
  `haslo` text NOT NULL,
  `id_uprawnienia` int(11) NOT NULL,
  PRIMARY KEY (`id`),
  KEY `fk_uzytkownicy_uprawnienia` (`id_uprawnienia`),
  CONSTRAINT `fk_uzytkownicy_uprawnienia` FOREIGN KEY (`id_uprawnienia`) REFERENCES `uprawnienia` (`id_uprawnienia`) ON DELETE CASCADE ON UPDATE CASCADE
) ENGINE=InnoDB AUTO_INCREMENT=24 DEFAULT CHARSET=utf8mb4 COLLATE=utf8mb4_general_ci;

-- Struktura tabeli `dostawcy`
CREATE TABLE `dostawcy` (
  `id` int(11) NOT NULL AUTO_INCREMENT,
  `nazwa` varchar(255) NOT NULL,
  PRIMARY KEY (`id`),
  UNIQUE KEY `nazwa` (`nazwa`)
) ENGINE=InnoDB AUTO_INCREMENT=15 DEFAULT CHARSET=utf8mb4 COLLATE=utf8mb4_general_ci;

-- Struktura tabeli `szablon`
CREATE TABLE `szablon` (
  `id` int(11) NOT NULL AUTO_INCREMENT,
  `nazwa` varchar(255) NOT NULL,
  `rodzaj` varchar(255) NOT NULL,
  `grubosc_i_oznaczenie_ocynku` varchar(255) NOT NULL,
  `grubosc` decimal(10,2) NOT NULL,
  `szerokosc` decimal(10,2) NOT NULL,
  PRIMARY KEY (`id`),
  UNIQUE KEY `nazwa` (`nazwa`)
) ENGINE=InnoDB AUTO_INCREMENT=63 DEFAULT CHARSET=utf8mb4 COLLATE=utf8mb4_general_ci;

-- Struktura tabeli `lokalizacja`
CREATE TABLE `lokalizacja` (
  `id` int(11) NOT NULL AUTO_INCREMENT,
  `nazwa` varchar(255) NOT NULL,
  PRIMARY KEY (`id`)
) ENGINE=InnoDB AUTO_INCREMENT=4 DEFAULT CHARSET=utf8mb4 COLLATE=utf8mb4_general_ci;

-- Struktura tabeli `dlugosci`
CREATE TABLE `dlugosci` (
  `id` int(11) NOT NULL AUTO_INCREMENT,
  `nazwa` varchar(255) NOT NULL,
  PRIMARY KEY (`id`),
  UNIQUE KEY `nazwa` (`nazwa`)
) ENGINE=InnoDB AUTO_INCREMENT=7 DEFAULT CHARSET=utf8mb4 COLLATE=utf8mb4_general_ci;

-- Struktura tabeli `tasma`
CREATE TABLE `tasma` (
  `id` int(11) NOT NULL AUTO_INCREMENT,
  `data_z_etykiety_na_kregu` date NOT NULL,
  `grubosc` decimal(10,2) NOT NULL,
  `szerokosc` decimal(10,2) NOT NULL,
  `waga_kregu` decimal(10,2) NOT NULL,
  `waga_kregu_na_stanie` decimal(10,2) NOT NULL,
  `nr_etykieta_paletowa` varchar(255) NOT NULL,
  `nr_z_etykiety_na_kregu` varchar(255) NOT NULL,
  `lokalizacja_id` int(11) DEFAULT NULL,
  `nr_faktury_dostawcy` varchar(255) NOT NULL,
  `data_dostawy` date NOT NULL,
  `pracownik_id` int(11) DEFAULT NULL,
  `dostawca_id` int(11) NOT NULL,
  `szablon_id` int(11) NOT NULL,
  `Data_do_usuwania` date NOT NULL DEFAULT current_timestamp(),
  PRIMARY KEY (`id`),
  KEY `fk_tasma_pracownik` (`pracownik_id`),
  KEY `fk_tasma_dostawca` (`dostawca_id`),
  KEY `fk_tasma_szablon` (`szablon_id`),
  KEY `fk_tasma_lokalizacja` (`lokalizacja_id`),
  CONSTRAINT `fk_tasma_dostawca` FOREIGN KEY (`dostawca_id`) REFERENCES `dostawcy` (`id`) ON DELETE CASCADE,
  CONSTRAINT `fk_tasma_lokalizacja` FOREIGN KEY (`lokalizacja_id`) REFERENCES `lokalizacja` (`id`) ON DELETE CASCADE ON UPDATE CASCADE,
  CONSTRAINT `fk_tasma_pracownik` FOREIGN KEY (`pracownik_id`) REFERENCES `uzytkownicy` (`id`) ON DELETE SET NULL,
  CONSTRAINT `fk_tasma_szablon` FOREIGN KEY (`szablon_id`) REFERENCES `szablon` (`id`) ON DELETE CASCADE
) ENGINE=InnoDB AUTO_INCREMENT=277 DEFAULT CHARSET=utf8mb4 COLLATE=utf8mb4_general_ci;

-- Struktura tabeli `szablon_profile`
CREATE TABLE `szablon_profile` (
  `id` int(11) NOT NULL AUTO_INCREMENT,
  `nazwa` varchar(255) NOT NULL,
  PRIMARY KEY (`id`)
) ENGINE=InnoDB AUTO_INCREMENT=48 DEFAULT CHARSET=utf8mb4 COLLATE=utf8mb4_general_ci;

-- Struktura tabeli `profil`
CREATE TABLE `profil` (
  `id` int(11) NOT NULL AUTO_INCREMENT,
  `id_tasmy` int(11) DEFAULT NULL,
  `data_produkcji` date DEFAULT NULL,
  `godz_min_rozpoczecia` time DEFAULT NULL,
  `godz_min_zakonczenia` time DEFAULT NULL,
  `zwrot_na_magazyn_kg` decimal(10,2) DEFAULT NULL,
  `id_szablon_profile` int(11) NOT NULL,
  `nazwa_klienta_nr_zlecenia_PRODIO` varchar(100) DEFAULT NULL,
  `ilosc` int(11) DEFAULT NULL,
  `ilosc_na_stanie` int(11) DEFAULT NULL,
  `id_dlugosci` int(11) DEFAULT NULL,
  `id_pracownika` int(11) DEFAULT NULL,
  `imie_nazwisko_pracownika` varchar(50) NOT NULL,
  `Data_do_usuwania` date DEFAULT current_timestamp(),
  PRIMARY KEY (`id`),
  KEY `id_tasmy` (`id_tasmy`),
  KEY `id_pracownika` (`id_pracownika`),
  KEY `profil_ibfk_3` (`id_dlugosci`),
  KEY `profil_ibfk_4` (`id_szablon_profile`),
  CONSTRAINT `profil_ibfk_1` FOREIGN KEY (`id_tasmy`) REFERENCES `tasma` (`id`) ON DELETE CASCADE,
  CONSTRAINT `profil_ibfk_2` FOREIGN KEY (`id_pracownika`) REFERENCES `uzytkownicy` (`id`) ON DELETE CASCADE,
  CONSTRAINT `profil_ibfk_3` FOREIGN KEY (`id_dlugosci`) REFERENCES `dlugosci` (`id`) ON DELETE CASCADE,
  CONSTRAINT `profil_ibfk_4` FOREIGN KEY (`id_szablon_profile`) REFERENCES `szablon_profile` (`id`) ON DELETE CASCADE
) ENGINE=InnoDB AUTO_INCREMENT=80 DEFAULT CHARSET=utf8mb4 COLLATE=utf8mb4_general_ci;

-- Dane z tabeli `uprawnienia`
INSERT INTO `uprawnienia` (id_uprawnienia, nazwa) VALUES ('1', 'Administrator');
INSERT INTO `uprawnienia` (id_uprawnienia, nazwa) VALUES ('2', 'Zaopatrzeniowiec ');
INSERT INTO `uprawnienia` (id_uprawnienia, nazwa) VALUES ('3', 'Pracownik');

-- Dane z tabeli `uzytkownicy`
INSERT INTO `uzytkownicy` (id, login, haslo, id_uprawnienia) VALUES ('1', 'Administrator', 'scrypt:32768:8:1$Hj9SEP8K0oUaPATE$2332f998cad623e8624ec649b50fc69216cad1d0671f4eb9f9a74349e130a156a9db10a084805ef189007bcd31a22c31e072d3ced59e37118e3077bed8d7bcc7', '1');
INSERT INTO `uzytkownicy` (id, login, haslo, id_uprawnienia) VALUES ('19', 'Maciej M', 'scrypt:32768:8:1$tSm1MtjsRtHuPUfo$ec2f18a3fd2792023276416269ceca571b78aa5726e5a1c209dd1c3eae083a66748c817e83c2dcc053b345a6df5d4ede44a435d8e1a6565e3d97f5eee0d76292', '1');
INSERT INTO `uzytkownicy` (id, login, haslo, id_uprawnienia) VALUES ('20', 'p.lewandowski', 'scrypt:32768:8:1$S2pdLmDW850hDG1D$afb0452ef6278436539b4889d7a776c44d163598e879261a2c2c48a6d0734c46045f6098f9967b4d8b3e8fbbe35dc7fac510f3c1c95a90afb7d88b5dd0646573', '2');
INSERT INTO `uzytkownicy` (id, login, haslo, id_uprawnienia) VALUES ('21', 'Profilowanie', 'scrypt:32768:8:1$JAO1lLrDVoOVmtWg$48aee5a880be2ab588e65efdfb281afbc1dbbc518051ffa227ee9d38f11e20f6085c069aafdf63fb1d100aaaee923ed0deb43ebc4c98aaf152de8a309410ce54', '3');
INSERT INTO `uzytkownicy` (id, login, haslo, id_uprawnienia) VALUES ('23', 'Ola', 'scrypt:32768:8:1$WMBvtLkLyqCn5gXt$dc0c86c24d0cea979007f2f9dea8a422804e265a23be0502573360f4e7391dc243775da237e8d3e6642138b3410e5ad19d6fa86dcbf9e2f624fa6b6f8dffaaab', '1');

-- Dane z tabeli `dostawcy`
INSERT INTO `dostawcy` (id, nazwa) VALUES ('9', 'ArcelorMittal Sp. z o.o.');
INSERT INTO `dostawcy` (id, nazwa) VALUES ('12', 'KS Service Center B.V.');
INSERT INTO `dostawcy` (id, nazwa) VALUES ('11', 'Marcegaglia');
INSERT INTO `dostawcy` (id, nazwa) VALUES ('6', 'RBB-STAL');
INSERT INTO `dostawcy` (id, nazwa) VALUES ('14', 'Salzgitter GmbH');
INSERT INTO `dostawcy` (id, nazwa) VALUES ('7', 'Serwistal');
INSERT INTO `dostawcy` (id, nazwa) VALUES ('13', 'SSAB');
INSERT INTO `dostawcy` (id, nazwa) VALUES ('8', 'STEL-MARK');
INSERT INTO `dostawcy` (id, nazwa) VALUES ('10', 'Tesko Steel');

-- Dane z tabeli `szablon`
INSERT INTO `szablon` (id, nazwa, rodzaj, grubosc_i_oznaczenie_ocynku, grubosc, szerokosc) VALUES ('11', 'DX51D Z100 38.6x0.5', 'DX51D', 'Z100', '0.50', '38.60');
INSERT INTO `szablon` (id, nazwa, rodzaj, grubosc_i_oznaczenie_ocynku, grubosc, szerokosc) VALUES ('12', 'S250GD Z275 93.3x1.5', 'S250GD', 'Z275', '1.50', '93.30');
INSERT INTO `szablon` (id, nazwa, rodzaj, grubosc_i_oznaczenie_ocynku, grubosc, szerokosc) VALUES ('13', 'DX51D Z100 91x1.5', 'DX51D', 'Z100', '1.50', '91.00');
INSERT INTO `szablon` (id, nazwa, rodzaj, grubosc_i_oznaczenie_ocynku, grubosc, szerokosc) VALUES ('14', 'DX51D Z100 88.8x2', 'DX51D', 'Z100', '2.00', '88.80');
INSERT INTO `szablon` (id, nazwa, rodzaj, grubosc_i_oznaczenie_ocynku, grubosc, szerokosc) VALUES ('15', 'DX51D Z275 136x2', 'DX51D', 'Z275', '2.00', '136.00');
INSERT INTO `szablon` (id, nazwa, rodzaj, grubosc_i_oznaczenie_ocynku, grubosc, szerokosc) VALUES ('16', 'DX51D Z275 133x2.5', 'DX51D', 'Z275', '2.50', '133.00');
INSERT INTO `szablon` (id, nazwa, rodzaj, grubosc_i_oznaczenie_ocynku, grubosc, szerokosc) VALUES ('17', 'DX51D Z275 99x1.5', 'DX51D', 'Z275', '1.50', '99.00');
INSERT INTO `szablon` (id, nazwa, rodzaj, grubosc_i_oznaczenie_ocynku, grubosc, szerokosc) VALUES ('18', 'DX51D Z275 96x2', 'DX51D', 'Z275', '2.00', '96.00');
INSERT INTO `szablon` (id, nazwa, rodzaj, grubosc_i_oznaczenie_ocynku, grubosc, szerokosc) VALUES ('19', 'DX51D Z275 79x1.5', 'DX51D', 'Z275', '1.50', '79.00');
INSERT INTO `szablon` (id, nazwa, rodzaj, grubosc_i_oznaczenie_ocynku, grubosc, szerokosc) VALUES ('20', 'DX51D Z275 85.5x2', 'DX51D', 'Z275', '2.00', '85.50');
INSERT INTO `szablon` (id, nazwa, rodzaj, grubosc_i_oznaczenie_ocynku, grubosc, szerokosc) VALUES ('21', 'DX51D Z100 124.3x2', 'DX51D', 'Z100', '2.00', '124.30');
INSERT INTO `szablon` (id, nazwa, rodzaj, grubosc_i_oznaczenie_ocynku, grubosc, szerokosc) VALUES ('22', 'DX51D Z275 136.5x2', 'DX51D', 'Z275', '2.00', '136.50');
INSERT INTO `szablon` (id, nazwa, rodzaj, grubosc_i_oznaczenie_ocynku, grubosc, szerokosc) VALUES ('23', 'DX51D Z100 43.5x1', 'DX51D', 'Z100', '1.00', '43.50');
INSERT INTO `szablon` (id, nazwa, rodzaj, grubosc_i_oznaczenie_ocynku, grubosc, szerokosc) VALUES ('24', 'DX51D Z100 130x1', 'DX51D', 'Z100', '1.00', '130.00');
INSERT INTO `szablon` (id, nazwa, rodzaj, grubosc_i_oznaczenie_ocynku, grubosc, szerokosc) VALUES ('25', 'DX51D Z100 94x1', 'DX51D', 'Z100', '1.00', '94.00');
INSERT INTO `szablon` (id, nazwa, rodzaj, grubosc_i_oznaczenie_ocynku, grubosc, szerokosc) VALUES ('26', 'DX51D Z100 92.8x1.2', 'DX51D', 'Z100', '1.20', '92.80');
INSERT INTO `szablon` (id, nazwa, rodzaj, grubosc_i_oznaczenie_ocynku, grubosc, szerokosc) VALUES ('27', 'S250GD Z275 90x2', 'S250GD', 'Z275', '2.00', '90.00');
INSERT INTO `szablon` (id, nazwa, rodzaj, grubosc_i_oznaczenie_ocynku, grubosc, szerokosc) VALUES ('28', 'S250GD Z275 70x2', 'S250GD', 'Z275', '2.00', '70.00');
INSERT INTO `szablon` (id, nazwa, rodzaj, grubosc_i_oznaczenie_ocynku, grubosc, szerokosc) VALUES ('29', 'DX51D Z275 93.6x1.5', 'DX51D', 'Z275', '1.50', '93.60');
INSERT INTO `szablon` (id, nazwa, rodzaj, grubosc_i_oznaczenie_ocynku, grubosc, szerokosc) VALUES ('30', 'DX51D Z275 65x1.5', 'DX51D', 'Z275', '1.50', '65.00');
INSERT INTO `szablon` (id, nazwa, rodzaj, grubosc_i_oznaczenie_ocynku, grubosc, szerokosc) VALUES ('34', 'DX51D Z275 66.5x2', 'DX51D', 'Z275', '2.00', '66.50');
INSERT INTO `szablon` (id, nazwa, rodzaj, grubosc_i_oznaczenie_ocynku, grubosc, szerokosc) VALUES ('35', 'DX51D Z275 56.5x2', 'DX51D', 'Z275', '2.00', '56.50');
INSERT INTO `szablon` (id, nazwa, rodzaj, grubosc_i_oznaczenie_ocynku, grubosc, szerokosc) VALUES ('36', 'DX51D Z275 46.5x2', 'DX51D', 'Z275', '2.00', '46.50');
INSERT INTO `szablon` (id, nazwa, rodzaj, grubosc_i_oznaczenie_ocynku, grubosc, szerokosc) VALUES ('38', 'S250GD Z275 66x1.2', 'S250GD', 'Z275', '1.20', '66.00');
INSERT INTO `szablon` (id, nazwa, rodzaj, grubosc_i_oznaczenie_ocynku, grubosc, szerokosc) VALUES ('39', 'S250GD Z275 60.5x2', 'S250GD', 'Z275', '2.00', '60.50');
INSERT INTO `szablon` (id, nazwa, rodzaj, grubosc_i_oznaczenie_ocynku, grubosc, szerokosc) VALUES ('43', 'DX51D Z100 92x1.2', 'DX51D', 'Z100', '1.20', '92.00');
INSERT INTO `szablon` (id, nazwa, rodzaj, grubosc_i_oznaczenie_ocynku, grubosc, szerokosc) VALUES ('44', 'DX51D Z275 46x1', 'DX51D', 'Z275', '1.00', '46.00');
INSERT INTO `szablon` (id, nazwa, rodzaj, grubosc_i_oznaczenie_ocynku, grubosc, szerokosc) VALUES ('45', 'DX51D Z275 81.4x1.5', 'DX51D', 'Z275', '1.50', '81.40');
INSERT INTO `szablon` (id, nazwa, rodzaj, grubosc_i_oznaczenie_ocynku, grubosc, szerokosc) VALUES ('46', 'DX51D Z275 80.2x2', 'DX51D', 'Z275', '2.00', '80.20');
INSERT INTO `szablon` (id, nazwa, rodzaj, grubosc_i_oznaczenie_ocynku, grubosc, szerokosc) VALUES ('48', 'DX51D Z100 136.5x1', 'DX51D', 'Z100', '1.00', '136.50');
INSERT INTO `szablon` (id, nazwa, rodzaj, grubosc_i_oznaczenie_ocynku, grubosc, szerokosc) VALUES ('49', 'DX51D Z100 116.5x1', 'DX51D', 'Z100', '1.00', '116.50');
INSERT INTO `szablon` (id, nazwa, rodzaj, grubosc_i_oznaczenie_ocynku, grubosc, szerokosc) VALUES ('50', 'S235JR CZARNA 92x2', 'S235JR', 'CZARNA', '2.00', '92.00');
INSERT INTO `szablon` (id, nazwa, rodzaj, grubosc_i_oznaczenie_ocynku, grubosc, szerokosc) VALUES ('51', 'DX51D Z275 93x2.5', 'DX51D', 'Z275', '2.50', '93.00');
INSERT INTO `szablon` (id, nazwa, rodzaj, grubosc_i_oznaczenie_ocynku, grubosc, szerokosc) VALUES ('52', 'DX51D Z275 45x0.8', 'DX51D', 'Z275', '0.80', '45.00');
INSERT INTO `szablon` (id, nazwa, rodzaj, grubosc_i_oznaczenie_ocynku, grubosc, szerokosc) VALUES ('53', 'DX51D Z275 36.2x0.8', 'DX51D', 'Z275', '0.80', '36.20');
INSERT INTO `szablon` (id, nazwa, rodzaj, grubosc_i_oznaczenie_ocynku, grubosc, szerokosc) VALUES ('54', 'DX51D Z275 29.3x0.8', 'DX51D', 'Z275', '0.80', '29.30');
INSERT INTO `szablon` (id, nazwa, rodzaj, grubosc_i_oznaczenie_ocynku, grubosc, szerokosc) VALUES ('55', 'DX51D Z275 57.2x0.8', 'DX51D', 'Z275', '0.80', '57.20');
INSERT INTO `szablon` (id, nazwa, rodzaj, grubosc_i_oznaczenie_ocynku, grubosc, szerokosc) VALUES ('56', 'DX51D Z100 73x0.5', 'DX51D', 'Z100', '0.50', '73.00');
INSERT INTO `szablon` (id, nazwa, rodzaj, grubosc_i_oznaczenie_ocynku, grubosc, szerokosc) VALUES ('57', 'DX51D Z100 104.8x0.5', 'DX51D', 'Z100', '0.50', '104.80');
INSERT INTO `szablon` (id, nazwa, rodzaj, grubosc_i_oznaczenie_ocynku, grubosc, szerokosc) VALUES ('58', 'DX51D Z100 60x0.5', 'DX51D', 'Z100', '0.50', '60.00');
INSERT INTO `szablon` (id, nazwa, rodzaj, grubosc_i_oznaczenie_ocynku, grubosc, szerokosc) VALUES ('59', 'DX51D Z100 121x0.5', 'DX51D', 'Z100', '0.50', '121.00');
INSERT INTO `szablon` (id, nazwa, rodzaj, grubosc_i_oznaczenie_ocynku, grubosc, szerokosc) VALUES ('60', 'DX51D Z100 51.4x0.5', 'DX51D', 'Z100', '0.50', '51.40');
INSERT INTO `szablon` (id, nazwa, rodzaj, grubosc_i_oznaczenie_ocynku, grubosc, szerokosc) VALUES ('61', 'DX51D Z100 88.6x0.5', 'DX51D', 'Z100', '0.50', '88.60');
INSERT INTO `szablon` (id, nazwa, rodzaj, grubosc_i_oznaczenie_ocynku, grubosc, szerokosc) VALUES ('62', 'DX51D Z275 129x1.2', 'DX51D', 'Z275', '1.20', '129.00');

-- Dane z tabeli `lokalizacja`
INSERT INTO `lokalizacja` (id, nazwa) VALUES ('1', 'Magazyn');

-- Dane z tabeli `dlugosci`
INSERT INTO `dlugosci` (id, nazwa) VALUES ('3', '1');
INSERT INTO `dlugosci` (id, nazwa) VALUES ('2', '2');
INSERT INTO `dlugosci` (id, nazwa) VALUES ('5', '2,5');
INSERT INTO `dlugosci` (id, nazwa) VALUES ('1', '3');
INSERT INTO `dlugosci` (id, nazwa) VALUES ('4', '4');
INSERT INTO `dlugosci` (id, nazwa) VALUES ('6', '6');

-- Dane z tabeli `tasma`
INSERT INTO `tasma` (id, data_z_etykiety_na_kregu, grubosc, szerokosc, waga_kregu, waga_kregu_na_stanie, nr_etykieta_paletowa, nr_z_etykiety_na_kregu, lokalizacja_id, nr_faktury_dostawcy, data_dostawy, pracownik_id, dostawca_id, szablon_id, Data_do_usuwania) VALUES ('53', '2025-04-14', '1.00', '136.50', '1162.00', '1162.00', 'x', 'G1542114', '1', 'WZ 2700/40/2025', '2025-04-15', '20', '6', '48', '2026-04-26');
INSERT INTO `tasma` (id, data_z_etykiety_na_kregu, grubosc, szerokosc, waga_kregu, waga_kregu_na_stanie, nr_etykieta_paletowa, nr_z_etykiety_na_kregu, lokalizacja_id, nr_faktury_dostawcy, data_dostawy, pracownik_id, dostawca_id, szablon_id, Data_do_usuwania) VALUES ('54', '2025-04-14', '1.00', '136.50', '1168.00', '1168.00', 'x', 'G1542112', '1', 'WZ 2700/40/2025', '2025-04-15', '20', '6', '48', '2026-04-26');
INSERT INTO `tasma` (id, data_z_etykiety_na_kregu, grubosc, szerokosc, waga_kregu, waga_kregu_na_stanie, nr_etykieta_paletowa, nr_z_etykiety_na_kregu, lokalizacja_id, nr_faktury_dostawcy, data_dostawy, pracownik_id, dostawca_id, szablon_id, Data_do_usuwania) VALUES ('55', '2025-04-14', '1.00', '136.50', '1164.00', '1164.00', 'x', 'G1542110', '1', 'WZ 2700/40/2025', '2025-04-15', '20', '6', '48', '2026-04-26');
INSERT INTO `tasma` (id, data_z_etykiety_na_kregu, grubosc, szerokosc, waga_kregu, waga_kregu_na_stanie, nr_etykieta_paletowa, nr_z_etykiety_na_kregu, lokalizacja_id, nr_faktury_dostawcy, data_dostawy, pracownik_id, dostawca_id, szablon_id, Data_do_usuwania) VALUES ('56', '2025-04-14', '1.00', '136.50', '1154.00', '1154.00', 'x', 'G1542109', '1', 'WZ 2700/40/2025', '2025-04-15', '20', '6', '48', '2026-04-26');
INSERT INTO `tasma` (id, data_z_etykiety_na_kregu, grubosc, szerokosc, waga_kregu, waga_kregu_na_stanie, nr_etykieta_paletowa, nr_z_etykiety_na_kregu, lokalizacja_id, nr_faktury_dostawcy, data_dostawy, pracownik_id, dostawca_id, szablon_id, Data_do_usuwania) VALUES ('57', '2025-04-14', '1.00', '136.50', '1155.00', '1155.00', 'x', 'G1542115', '1', 'WZ 2700/40/2025', '2025-04-15', '20', '6', '48', '2026-04-26');
INSERT INTO `tasma` (id, data_z_etykiety_na_kregu, grubosc, szerokosc, waga_kregu, waga_kregu_na_stanie, nr_etykieta_paletowa, nr_z_etykiety_na_kregu, lokalizacja_id, nr_faktury_dostawcy, data_dostawy, pracownik_id, dostawca_id, szablon_id, Data_do_usuwania) VALUES ('58', '2025-04-14', '1.00', '136.50', '1166.00', '1166.00', 'x', 'G1542113', '1', 'WZ 2700/40/2025', '2025-04-15', '20', '6', '48', '2026-04-26');
INSERT INTO `tasma` (id, data_z_etykiety_na_kregu, grubosc, szerokosc, waga_kregu, waga_kregu_na_stanie, nr_etykieta_paletowa, nr_z_etykiety_na_kregu, lokalizacja_id, nr_faktury_dostawcy, data_dostawy, pracownik_id, dostawca_id, szablon_id, Data_do_usuwania) VALUES ('59', '2025-04-14', '1.00', '136.50', '1167.00', '1167.00', 'x', 'G1542111', '1', 'WZ 2700/40/2025', '2025-04-15', '20', '6', '48', '2026-04-26');
INSERT INTO `tasma` (id, data_z_etykiety_na_kregu, grubosc, szerokosc, waga_kregu, waga_kregu_na_stanie, nr_etykieta_paletowa, nr_z_etykiety_na_kregu, lokalizacja_id, nr_faktury_dostawcy, data_dostawy, pracownik_id, dostawca_id, szablon_id, Data_do_usuwania) VALUES ('60', '2025-04-10', '1.00', '136.50', '1203.00', '1203.00', 'x', 'G1540348', '1', 'WZ 2700/40/2025', '2025-04-15', '20', '6', '48', '2026-04-26');
INSERT INTO `tasma` (id, data_z_etykiety_na_kregu, grubosc, szerokosc, waga_kregu, waga_kregu_na_stanie, nr_etykieta_paletowa, nr_z_etykiety_na_kregu, lokalizacja_id, nr_faktury_dostawcy, data_dostawy, pracownik_id, dostawca_id, szablon_id, Data_do_usuwania) VALUES ('61', '2025-04-10', '1.00', '136.50', '1206.00', '1206.00', 'x', 'G1540347', '1', 'WZ 2700/40/2025', '2025-04-15', '20', '6', '48', '2026-04-26');
INSERT INTO `tasma` (id, data_z_etykiety_na_kregu, grubosc, szerokosc, waga_kregu, waga_kregu_na_stanie, nr_etykieta_paletowa, nr_z_etykiety_na_kregu, lokalizacja_id, nr_faktury_dostawcy, data_dostawy, pracownik_id, dostawca_id, szablon_id, Data_do_usuwania) VALUES ('62', '2025-04-10', '1.00', '136.50', '1154.00', '1154.00', 'x', 'G1540349', '1', 'WZ 2700/40/2025', '2025-04-15', '20', '6', '48', '2026-04-26');
INSERT INTO `tasma` (id, data_z_etykiety_na_kregu, grubosc, szerokosc, waga_kregu, waga_kregu_na_stanie, nr_etykieta_paletowa, nr_z_etykiety_na_kregu, lokalizacja_id, nr_faktury_dostawcy, data_dostawy, pracownik_id, dostawca_id, szablon_id, Data_do_usuwania) VALUES ('63', '2025-04-10', '1.00', '136.50', '1192.00', '1192.00', 'x', 'G1540596', '1', 'WZ 3020/41/2025', '2025-04-15', '20', '6', '48', '2026-04-26');
INSERT INTO `tasma` (id, data_z_etykiety_na_kregu, grubosc, szerokosc, waga_kregu, waga_kregu_na_stanie, nr_etykieta_paletowa, nr_z_etykiety_na_kregu, lokalizacja_id, nr_faktury_dostawcy, data_dostawy, pracownik_id, dostawca_id, szablon_id, Data_do_usuwania) VALUES ('64', '2025-04-10', '1.00', '136.50', '1180.00', '1180.00', 'x', 'G1540595', '1', 'WZ 3020/41/2025', '2025-04-15', '20', '6', '48', '2026-04-26');
INSERT INTO `tasma` (id, data_z_etykiety_na_kregu, grubosc, szerokosc, waga_kregu, waga_kregu_na_stanie, nr_etykieta_paletowa, nr_z_etykiety_na_kregu, lokalizacja_id, nr_faktury_dostawcy, data_dostawy, pracownik_id, dostawca_id, szablon_id, Data_do_usuwania) VALUES ('65', '2025-04-10', '1.00', '136.50', '1200.00', '1200.00', 'x', 'G1540597', '1', 'WZ 3020/41/2025', '2025-04-15', '20', '6', '48', '2026-04-26');
INSERT INTO `tasma` (id, data_z_etykiety_na_kregu, grubosc, szerokosc, waga_kregu, waga_kregu_na_stanie, nr_etykieta_paletowa, nr_z_etykiety_na_kregu, lokalizacja_id, nr_faktury_dostawcy, data_dostawy, pracownik_id, dostawca_id, szablon_id, Data_do_usuwania) VALUES ('66', '2024-04-25', '2.00', '136.50', '944.00', '944.00', 'x', '1503477', '1', 'D. N. 819170', '2024-04-26', '20', '9', '22', '2026-04-26');
INSERT INTO `tasma` (id, data_z_etykiety_na_kregu, grubosc, szerokosc, waga_kregu, waga_kregu_na_stanie, nr_etykieta_paletowa, nr_z_etykiety_na_kregu, lokalizacja_id, nr_faktury_dostawcy, data_dostawy, pracownik_id, dostawca_id, szablon_id, Data_do_usuwania) VALUES ('67', '2025-01-08', '2.00', '136.00', '1115.00', '1115.00', 'x', '6550', '1', 'WZ/497/01/2025/MG', '2025-01-15', '20', '7', '15', '2026-04-26');
INSERT INTO `tasma` (id, data_z_etykiety_na_kregu, grubosc, szerokosc, waga_kregu, waga_kregu_na_stanie, nr_etykieta_paletowa, nr_z_etykiety_na_kregu, lokalizacja_id, nr_faktury_dostawcy, data_dostawy, pracownik_id, dostawca_id, szablon_id, Data_do_usuwania) VALUES ('68', '2025-01-08', '2.00', '136.00', '1120.00', '1120.00', 'x', '6561', '1', 'WZ/497/01/2025/MG', '2025-01-15', '20', '7', '15', '2026-04-26');
INSERT INTO `tasma` (id, data_z_etykiety_na_kregu, grubosc, szerokosc, waga_kregu, waga_kregu_na_stanie, nr_etykieta_paletowa, nr_z_etykiety_na_kregu, lokalizacja_id, nr_faktury_dostawcy, data_dostawy, pracownik_id, dostawca_id, szablon_id, Data_do_usuwania) VALUES ('69', '2025-01-08', '2.00', '136.00', '1125.00', '1125.00', 'x', '6572', '1', 'WZ/497/01/2025/MG', '2025-01-15', '20', '7', '15', '2026-04-26');
INSERT INTO `tasma` (id, data_z_etykiety_na_kregu, grubosc, szerokosc, waga_kregu, waga_kregu_na_stanie, nr_etykieta_paletowa, nr_z_etykiety_na_kregu, lokalizacja_id, nr_faktury_dostawcy, data_dostawy, pracownik_id, dostawca_id, szablon_id, Data_do_usuwania) VALUES ('70', '2025-01-08', '2.00', '136.00', '1130.00', '1130.00', 'x', '6583', '1', 'WZ/497/01/2025/MG', '2025-01-15', '20', '7', '15', '2026-04-26');
INSERT INTO `tasma` (id, data_z_etykiety_na_kregu, grubosc, szerokosc, waga_kregu, waga_kregu_na_stanie, nr_etykieta_paletowa, nr_z_etykiety_na_kregu, lokalizacja_id, nr_faktury_dostawcy, data_dostawy, pracownik_id, dostawca_id, szablon_id, Data_do_usuwania) VALUES ('71', '2025-01-08', '2.00', '136.00', '1130.00', '1130.00', 'x', '6594', '1', 'WZ/497/01/2025/MG', '2025-01-15', '20', '7', '15', '2026-04-26');
INSERT INTO `tasma` (id, data_z_etykiety_na_kregu, grubosc, szerokosc, waga_kregu, waga_kregu_na_stanie, nr_etykieta_paletowa, nr_z_etykiety_na_kregu, lokalizacja_id, nr_faktury_dostawcy, data_dostawy, pracownik_id, dostawca_id, szablon_id, Data_do_usuwania) VALUES ('72', '2024-11-25', '2.50', '133.00', '658.00', '658.00', 'x', '5334', '1', 'WZ/1117/11/2024/MG', '2024-11-25', '20', '7', '16', '2026-04-26');
INSERT INTO `tasma` (id, data_z_etykiety_na_kregu, grubosc, szerokosc, waga_kregu, waga_kregu_na_stanie, nr_etykieta_paletowa, nr_z_etykiety_na_kregu, lokalizacja_id, nr_faktury_dostawcy, data_dostawy, pracownik_id, dostawca_id, szablon_id, Data_do_usuwania) VALUES ('73', '2023-11-16', '1.00', '130.00', '1546.00', '1546.00', 'x', 'stel104040', '1', 'WZ 845/2023', '2023-11-16', '20', '8', '24', '2026-04-26');
INSERT INTO `tasma` (id, data_z_etykiety_na_kregu, grubosc, szerokosc, waga_kregu, waga_kregu_na_stanie, nr_etykieta_paletowa, nr_z_etykiety_na_kregu, lokalizacja_id, nr_faktury_dostawcy, data_dostawy, pracownik_id, dostawca_id, szablon_id, Data_do_usuwania) VALUES ('74', '2023-01-04', '1.20', '129.00', '410.00', '410.00', 'x', '129x1,2-2216', '1', 'WZ 1070/2022', '2023-01-05', '20', '8', '62', '2026-04-26');
INSERT INTO `tasma` (id, data_z_etykiety_na_kregu, grubosc, szerokosc, waga_kregu, waga_kregu_na_stanie, nr_etykieta_paletowa, nr_z_etykiety_na_kregu, lokalizacja_id, nr_faktury_dostawcy, data_dostawy, pracownik_id, dostawca_id, szablon_id, Data_do_usuwania) VALUES ('75', '2024-05-14', '2.00', '124.30', '1002.00', '1002.00', 'x', '24KG022232', '1', '1001005007', '2024-05-22', '20', '11', '21', '2026-04-26');
INSERT INTO `tasma` (id, data_z_etykiety_na_kregu, grubosc, szerokosc, waga_kregu, waga_kregu_na_stanie, nr_etykieta_paletowa, nr_z_etykiety_na_kregu, lokalizacja_id, nr_faktury_dostawcy, data_dostawy, pracownik_id, dostawca_id, szablon_id, Data_do_usuwania) VALUES ('76', '2022-06-03', '0.50', '121.00', '655.00', '655.00', 'x', '22KG039745', '1', '1001006819', '2022-06-07', '20', '11', '59', '2026-04-26');
INSERT INTO `tasma` (id, data_z_etykiety_na_kregu, grubosc, szerokosc, waga_kregu, waga_kregu_na_stanie, nr_etykieta_paletowa, nr_z_etykiety_na_kregu, lokalizacja_id, nr_faktury_dostawcy, data_dostawy, pracownik_id, dostawca_id, szablon_id, Data_do_usuwania) VALUES ('77', '2022-05-22', '0.50', '104.80', '726.00', '726.00', 'x', '22KG039743', '1', '1001003103', '2024-03-26', '20', '11', '57', '2026-04-26');
INSERT INTO `tasma` (id, data_z_etykiety_na_kregu, grubosc, szerokosc, waga_kregu, waga_kregu_na_stanie, nr_etykieta_paletowa, nr_z_etykiety_na_kregu, lokalizacja_id, nr_faktury_dostawcy, data_dostawy, pracownik_id, dostawca_id, szablon_id, Data_do_usuwania) VALUES ('78', '2022-05-22', '0.50', '104.80', '556.00', '556.00', 'x', '22KG039742', '1', '1001003103', '2024-03-26', '20', '11', '57', '2026-04-26');
INSERT INTO `tasma` (id, data_z_etykiety_na_kregu, grubosc, szerokosc, waga_kregu, waga_kregu_na_stanie, nr_etykieta_paletowa, nr_z_etykiety_na_kregu, lokalizacja_id, nr_faktury_dostawcy, data_dostawy, pracownik_id, dostawca_id, szablon_id, Data_do_usuwania) VALUES ('79', '2024-11-25', '1.50', '99.00', '253.00', '253.00', 'x', '4286', '1', 'WZ/1117/11/2024/MG', '2024-11-25', '20', '7', '17', '2026-04-26');
INSERT INTO `tasma` (id, data_z_etykiety_na_kregu, grubosc, szerokosc, waga_kregu, waga_kregu_na_stanie, nr_etykieta_paletowa, nr_z_etykiety_na_kregu, lokalizacja_id, nr_faktury_dostawcy, data_dostawy, pracownik_id, dostawca_id, szablon_id, Data_do_usuwania) VALUES ('80', '2024-11-25', '2.00', '96.00', '601.00', '601.00', 'x', '2494', '1', 'WZ/1117/11/2024/MG', '2024-11-25', '20', '7', '18', '2026-04-26');
INSERT INTO `tasma` (id, data_z_etykiety_na_kregu, grubosc, szerokosc, waga_kregu, waga_kregu_na_stanie, nr_etykieta_paletowa, nr_z_etykiety_na_kregu, lokalizacja_id, nr_faktury_dostawcy, data_dostawy, pracownik_id, dostawca_id, szablon_id, Data_do_usuwania) VALUES ('81', '2023-11-16', '1.00', '94.00', '1116.00', '1116.00', 'x', 'stel104022', '1', 'WZ 845/2023', '2023-11-16', '20', '8', '25', '2026-04-26');
INSERT INTO `tasma` (id, data_z_etykiety_na_kregu, grubosc, szerokosc, waga_kregu, waga_kregu_na_stanie, nr_etykieta_paletowa, nr_z_etykiety_na_kregu, lokalizacja_id, nr_faktury_dostawcy, data_dostawy, pracownik_id, dostawca_id, szablon_id, Data_do_usuwania) VALUES ('82', '2023-02-01', '1.00', '94.00', '252.00', '252.00', 'x', '94x1,0-165', '1', 'WZ 65/2023', '2023-02-01', '20', '8', '25', '2026-04-26');
INSERT INTO `tasma` (id, data_z_etykiety_na_kregu, grubosc, szerokosc, waga_kregu, waga_kregu_na_stanie, nr_etykieta_paletowa, nr_z_etykiety_na_kregu, lokalizacja_id, nr_faktury_dostawcy, data_dostawy, pracownik_id, dostawca_id, szablon_id, Data_do_usuwania) VALUES ('83', '2025-02-04', '1.50', '93.30', '725.00', '725.00', 'x', '3030/9932', '1', 'WZ/070/02/2025/MG', '2025-02-04', '20', '7', '12', '2026-04-26');
INSERT INTO `tasma` (id, data_z_etykiety_na_kregu, grubosc, szerokosc, waga_kregu, waga_kregu_na_stanie, nr_etykieta_paletowa, nr_z_etykiety_na_kregu, lokalizacja_id, nr_faktury_dostawcy, data_dostawy, pracownik_id, dostawca_id, szablon_id, Data_do_usuwania) VALUES ('84', '2025-02-04', '1.50', '93.30', '720.00', '720.00', 'x', '3030/9886-1', '1', 'WZ/070/02/2025/MG', '2025-02-04', '20', '7', '12', '2026-04-26');
INSERT INTO `tasma` (id, data_z_etykiety_na_kregu, grubosc, szerokosc, waga_kregu, waga_kregu_na_stanie, nr_etykieta_paletowa, nr_z_etykiety_na_kregu, lokalizacja_id, nr_faktury_dostawcy, data_dostawy, pracownik_id, dostawca_id, szablon_id, Data_do_usuwania) VALUES ('85', '2025-02-04', '1.50', '93.30', '720.00', '720.00', 'x', '3030/9886-2', '1', 'WZ/070/02/2025/MG', '2025-02-04', '20', '7', '12', '2026-04-26');
INSERT INTO `tasma` (id, data_z_etykiety_na_kregu, grubosc, szerokosc, waga_kregu, waga_kregu_na_stanie, nr_etykieta_paletowa, nr_z_etykiety_na_kregu, lokalizacja_id, nr_faktury_dostawcy, data_dostawy, pracownik_id, dostawca_id, szablon_id, Data_do_usuwania) VALUES ('86', '2025-02-04', '1.50', '93.30', '725.00', '725.00', 'x', '3030/9897-1', '1', 'WZ/070/02/2025/MG', '2025-02-04', '20', '7', '12', '2026-04-26');
INSERT INTO `tasma` (id, data_z_etykiety_na_kregu, grubosc, szerokosc, waga_kregu, waga_kregu_na_stanie, nr_etykieta_paletowa, nr_z_etykiety_na_kregu, lokalizacja_id, nr_faktury_dostawcy, data_dostawy, pracownik_id, dostawca_id, szablon_id, Data_do_usuwania) VALUES ('87', '2025-02-04', '1.50', '93.30', '725.00', '725.00', 'x', '3030/9897-2', '1', 'WZ/070/02/2025/MG', '2025-02-04', '20', '7', '12', '2026-04-26');
INSERT INTO `tasma` (id, data_z_etykiety_na_kregu, grubosc, szerokosc, waga_kregu, waga_kregu_na_stanie, nr_etykieta_paletowa, nr_z_etykiety_na_kregu, lokalizacja_id, nr_faktury_dostawcy, data_dostawy, pracownik_id, dostawca_id, szablon_id, Data_do_usuwania) VALUES ('88', '2025-02-04', '1.50', '93.30', '730.00', '730.00', 'x', '3030/9909-1', '1', 'WZ/070/02/2025/MG', '2025-02-04', '20', '7', '12', '2026-04-26');
INSERT INTO `tasma` (id, data_z_etykiety_na_kregu, grubosc, szerokosc, waga_kregu, waga_kregu_na_stanie, nr_etykieta_paletowa, nr_z_etykiety_na_kregu, lokalizacja_id, nr_faktury_dostawcy, data_dostawy, pracownik_id, dostawca_id, szablon_id, Data_do_usuwania) VALUES ('89', '2025-02-04', '1.50', '93.30', '730.00', '730.00', 'x', '3030/9909-2', '1', 'WZ/070/02/2025/MG', '2025-02-04', '20', '7', '12', '2026-04-26');
INSERT INTO `tasma` (id, data_z_etykiety_na_kregu, grubosc, szerokosc, waga_kregu, waga_kregu_na_stanie, nr_etykieta_paletowa, nr_z_etykiety_na_kregu, lokalizacja_id, nr_faktury_dostawcy, data_dostawy, pracownik_id, dostawca_id, szablon_id, Data_do_usuwania) VALUES ('90', '2025-02-04', '1.50', '93.30', '730.00', '730.00', 'x', '3030/9910-1', '1', 'WZ/070/02/2025/MG', '2025-02-04', '20', '7', '12', '2026-04-26');
INSERT INTO `tasma` (id, data_z_etykiety_na_kregu, grubosc, szerokosc, waga_kregu, waga_kregu_na_stanie, nr_etykieta_paletowa, nr_z_etykiety_na_kregu, lokalizacja_id, nr_faktury_dostawcy, data_dostawy, pracownik_id, dostawca_id, szablon_id, Data_do_usuwania) VALUES ('91', '2025-02-04', '1.50', '93.30', '730.00', '730.00', 'x', '3030/9910-2', '1', 'WZ/070/02/2025/MG', '2025-02-04', '20', '7', '12', '2026-04-26');
INSERT INTO `tasma` (id, data_z_etykiety_na_kregu, grubosc, szerokosc, waga_kregu, waga_kregu_na_stanie, nr_etykieta_paletowa, nr_z_etykiety_na_kregu, lokalizacja_id, nr_faktury_dostawcy, data_dostawy, pracownik_id, dostawca_id, szablon_id, Data_do_usuwania) VALUES ('92', '2025-02-04', '1.50', '93.30', '730.00', '730.00', 'x', '3030/9921-1', '1', 'WZ/070/02/2025/MG', '2025-02-04', '20', '7', '12', '2026-04-26');
INSERT INTO `tasma` (id, data_z_etykiety_na_kregu, grubosc, szerokosc, waga_kregu, waga_kregu_na_stanie, nr_etykieta_paletowa, nr_z_etykiety_na_kregu, lokalizacja_id, nr_faktury_dostawcy, data_dostawy, pracownik_id, dostawca_id, szablon_id, Data_do_usuwania) VALUES ('93', '2025-02-04', '1.50', '93.30', '730.00', '730.00', 'x', '3030/9921-2', '1', 'WZ/070/02/2025/MG', '2025-02-04', '20', '7', '12', '2026-04-26');
INSERT INTO `tasma` (id, data_z_etykiety_na_kregu, grubosc, szerokosc, waga_kregu, waga_kregu_na_stanie, nr_etykieta_paletowa, nr_z_etykiety_na_kregu, lokalizacja_id, nr_faktury_dostawcy, data_dostawy, pracownik_id, dostawca_id, szablon_id, Data_do_usuwania) VALUES ('94', '2024-11-25', '2.50', '93.00', '140.00', '140.00', 'x', '5345', '1', 'WZ/1117/11/2024/MG', '2024-11-25', '20', '7', '51', '2026-04-26');
INSERT INTO `tasma` (id, data_z_etykiety_na_kregu, grubosc, szerokosc, waga_kregu, waga_kregu_na_stanie, nr_etykieta_paletowa, nr_z_etykiety_na_kregu, lokalizacja_id, nr_faktury_dostawcy, data_dostawy, pracownik_id, dostawca_id, szablon_id, Data_do_usuwania) VALUES ('95', '2023-11-16', '1.20', '92.80', '510.00', '510.00', 'x', 'stel124022-1', '1', 'WZ 845/2023', '2023-11-16', '20', '8', '26', '2026-04-26');
INSERT INTO `tasma` (id, data_z_etykiety_na_kregu, grubosc, szerokosc, waga_kregu, waga_kregu_na_stanie, nr_etykieta_paletowa, nr_z_etykiety_na_kregu, lokalizacja_id, nr_faktury_dostawcy, data_dostawy, pracownik_id, dostawca_id, szablon_id, Data_do_usuwania) VALUES ('96', '2023-11-16', '1.20', '92.80', '510.00', '510.00', 'x', 'stel124022-2', '1', 'WZ 845/2023', '2023-11-16', '20', '8', '26', '2026-04-26');
INSERT INTO `tasma` (id, data_z_etykiety_na_kregu, grubosc, szerokosc, waga_kregu, waga_kregu_na_stanie, nr_etykieta_paletowa, nr_z_etykiety_na_kregu, lokalizacja_id, nr_faktury_dostawcy, data_dostawy, pracownik_id, dostawca_id, szablon_id, Data_do_usuwania) VALUES ('97', '2023-02-01', '1.20', '92.00', '233.00', '233.00', 'x', '92x1,2-141', '1', 'WZ 65/2023', '2023-02-01', '20', '8', '43', '2026-04-26');
INSERT INTO `tasma` (id, data_z_etykiety_na_kregu, grubosc, szerokosc, waga_kregu, waga_kregu_na_stanie, nr_etykieta_paletowa, nr_z_etykiety_na_kregu, lokalizacja_id, nr_faktury_dostawcy, data_dostawy, pracownik_id, dostawca_id, szablon_id, Data_do_usuwania) VALUES ('98', '2025-01-20', '1.50', '91.00', '824.00', '824.00', 'x', 'Stel4022-1', '1', 'WZ 15/2025', '2025-01-20', '20', '8', '13', '2026-04-26');
INSERT INTO `tasma` (id, data_z_etykiety_na_kregu, grubosc, szerokosc, waga_kregu, waga_kregu_na_stanie, nr_etykieta_paletowa, nr_z_etykiety_na_kregu, lokalizacja_id, nr_faktury_dostawcy, data_dostawy, pracownik_id, dostawca_id, szablon_id, Data_do_usuwania) VALUES ('99', '2025-01-20', '1.50', '91.00', '826.00', '826.00', 'x', 'Stel4022-2', '1', 'WZ 15/2025', '2025-01-20', '20', '8', '13', '2026-04-26');
INSERT INTO `tasma` (id, data_z_etykiety_na_kregu, grubosc, szerokosc, waga_kregu, waga_kregu_na_stanie, nr_etykieta_paletowa, nr_z_etykiety_na_kregu, lokalizacja_id, nr_faktury_dostawcy, data_dostawy, pracownik_id, dostawca_id, szablon_id, Data_do_usuwania) VALUES ('100', '2025-01-20', '1.50', '91.00', '826.00', '826.00', 'x', 'Stel4022-3', '1', 'WZ 15/2025', '2025-01-20', '20', '8', '13', '2026-04-26');
INSERT INTO `tasma` (id, data_z_etykiety_na_kregu, grubosc, szerokosc, waga_kregu, waga_kregu_na_stanie, nr_etykieta_paletowa, nr_z_etykiety_na_kregu, lokalizacja_id, nr_faktury_dostawcy, data_dostawy, pracownik_id, dostawca_id, szablon_id, Data_do_usuwania) VALUES ('101', '2025-01-20', '1.50', '91.00', '828.00', '828.00', 'x', 'Stel4022-4', '1', 'WZ 15/2025', '2025-01-20', '20', '8', '13', '2026-04-26');
INSERT INTO `tasma` (id, data_z_etykiety_na_kregu, grubosc, szerokosc, waga_kregu, waga_kregu_na_stanie, nr_etykieta_paletowa, nr_z_etykiety_na_kregu, lokalizacja_id, nr_faktury_dostawcy, data_dostawy, pracownik_id, dostawca_id, szablon_id, Data_do_usuwania) VALUES ('102', '2025-01-20', '1.50', '91.00', '824.00', '824.00', 'x', 'Stel4022-5', '1', 'WZ 15/2025', '2025-01-20', '20', '8', '13', '2026-04-26');
INSERT INTO `tasma` (id, data_z_etykiety_na_kregu, grubosc, szerokosc, waga_kregu, waga_kregu_na_stanie, nr_etykieta_paletowa, nr_z_etykiety_na_kregu, lokalizacja_id, nr_faktury_dostawcy, data_dostawy, pracownik_id, dostawca_id, szablon_id, Data_do_usuwania) VALUES ('103', '2025-01-20', '1.50', '91.00', '826.00', '826.00', 'x', 'Stel4022-6', '1', 'WZ 15/2025', '2025-01-20', '20', '8', '13', '2026-04-26');
INSERT INTO `tasma` (id, data_z_etykiety_na_kregu, grubosc, szerokosc, waga_kregu, waga_kregu_na_stanie, nr_etykieta_paletowa, nr_z_etykiety_na_kregu, lokalizacja_id, nr_faktury_dostawcy, data_dostawy, pracownik_id, dostawca_id, szablon_id, Data_do_usuwania) VALUES ('104', '2023-03-31', '1.50', '91.00', '470.00', '470.00', 'x', '1061329-2', '1', 'D. N. 779899', '2023-04-05', '20', '9', '13', '2026-04-26');
INSERT INTO `tasma` (id, data_z_etykiety_na_kregu, grubosc, szerokosc, waga_kregu, waga_kregu_na_stanie, nr_etykieta_paletowa, nr_z_etykiety_na_kregu, lokalizacja_id, nr_faktury_dostawcy, data_dostawy, pracownik_id, dostawca_id, szablon_id, Data_do_usuwania) VALUES ('105', '2023-03-31', '1.50', '91.00', '470.00', '470.00', 'x', '1061329-3', '1', 'D. N. 779899', '2023-04-05', '20', '9', '13', '2026-04-26');
INSERT INTO `tasma` (id, data_z_etykiety_na_kregu, grubosc, szerokosc, waga_kregu, waga_kregu_na_stanie, nr_etykieta_paletowa, nr_z_etykiety_na_kregu, lokalizacja_id, nr_faktury_dostawcy, data_dostawy, pracownik_id, dostawca_id, szablon_id, Data_do_usuwania) VALUES ('106', '2023-02-01', '1.50', '91.00', '143.00', '143.00', 'x', '91x1,5-140', '1', 'WZ 65/2023', '2023-02-01', '20', '8', '13', '2026-04-26');
INSERT INTO `tasma` (id, data_z_etykiety_na_kregu, grubosc, szerokosc, waga_kregu, waga_kregu_na_stanie, nr_etykieta_paletowa, nr_z_etykiety_na_kregu, lokalizacja_id, nr_faktury_dostawcy, data_dostawy, pracownik_id, dostawca_id, szablon_id, Data_do_usuwania) VALUES ('107', '2025-01-20', '2.00', '88.80', '621.00', '0.00', 'x', 'Stel4022/2-1', '1', 'WZ 15/2025', '2025-01-20', '20', '8', '14', '2026-04-26');
INSERT INTO `tasma` (id, data_z_etykiety_na_kregu, grubosc, szerokosc, waga_kregu, waga_kregu_na_stanie, nr_etykieta_paletowa, nr_z_etykiety_na_kregu, lokalizacja_id, nr_faktury_dostawcy, data_dostawy, pracownik_id, dostawca_id, szablon_id, Data_do_usuwania) VALUES ('108', '2025-01-20', '2.00', '88.80', '621.00', '621.00', 'x', 'Stel4022/2-2', '1', 'WZ 15/2025', '2025-01-20', '20', '8', '14', '2026-04-26');
INSERT INTO `tasma` (id, data_z_etykiety_na_kregu, grubosc, szerokosc, waga_kregu, waga_kregu_na_stanie, nr_etykieta_paletowa, nr_z_etykiety_na_kregu, lokalizacja_id, nr_faktury_dostawcy, data_dostawy, pracownik_id, dostawca_id, szablon_id, Data_do_usuwania) VALUES ('109', '2025-01-20', '2.00', '88.80', '630.00', '630.00', 'x', 'Stel4022/2-3', '1', 'WZ 15/2025', '2025-01-20', '20', '8', '14', '2026-04-26');
INSERT INTO `tasma` (id, data_z_etykiety_na_kregu, grubosc, szerokosc, waga_kregu, waga_kregu_na_stanie, nr_etykieta_paletowa, nr_z_etykiety_na_kregu, lokalizacja_id, nr_faktury_dostawcy, data_dostawy, pracownik_id, dostawca_id, szablon_id, Data_do_usuwania) VALUES ('110', '2025-01-20', '2.00', '88.80', '630.00', '630.00', 'x', 'Stel4022/2-4', '1', 'WZ 15/2025', '2025-01-20', '20', '8', '14', '2026-04-26');
INSERT INTO `tasma` (id, data_z_etykiety_na_kregu, grubosc, szerokosc, waga_kregu, waga_kregu_na_stanie, nr_etykieta_paletowa, nr_z_etykiety_na_kregu, lokalizacja_id, nr_faktury_dostawcy, data_dostawy, pracownik_id, dostawca_id, szablon_id, Data_do_usuwania) VALUES ('111', '2025-01-20', '2.00', '88.80', '613.00', '613.00', 'x', 'Stel4022/2-5', '1', 'WZ 15/2025', '2025-01-20', '20', '8', '14', '2026-04-26');
INSERT INTO `tasma` (id, data_z_etykiety_na_kregu, grubosc, szerokosc, waga_kregu, waga_kregu_na_stanie, nr_etykieta_paletowa, nr_z_etykiety_na_kregu, lokalizacja_id, nr_faktury_dostawcy, data_dostawy, pracownik_id, dostawca_id, szablon_id, Data_do_usuwania) VALUES ('112', '2025-01-20', '2.00', '88.80', '613.00', '613.00', 'x', 'Stel4022/2-6', '1', 'WZ 15/2025', '2025-01-20', '20', '8', '14', '2026-04-26');
INSERT INTO `tasma` (id, data_z_etykiety_na_kregu, grubosc, szerokosc, waga_kregu, waga_kregu_na_stanie, nr_etykieta_paletowa, nr_z_etykiety_na_kregu, lokalizacja_id, nr_faktury_dostawcy, data_dostawy, pracownik_id, dostawca_id, szablon_id, Data_do_usuwania) VALUES ('113', '2023-04-01', '2.00', '88.80', '777.50', '777.50', 'x', '1064699-2', '1', 'D. N. 780493', '2023-04-12', '20', '9', '14', '2026-04-26');
INSERT INTO `tasma` (id, data_z_etykiety_na_kregu, grubosc, szerokosc, waga_kregu, waga_kregu_na_stanie, nr_etykieta_paletowa, nr_z_etykiety_na_kregu, lokalizacja_id, nr_faktury_dostawcy, data_dostawy, pracownik_id, dostawca_id, szablon_id, Data_do_usuwania) VALUES ('114', '2025-03-04', '0.50', '88.60', '599.00', '599.00', 'x', 'G1516817-2', '1', 'WZ 1542/40/2025', '2025-03-04', '20', '6', '61', '2026-04-26');
INSERT INTO `tasma` (id, data_z_etykiety_na_kregu, grubosc, szerokosc, waga_kregu, waga_kregu_na_stanie, nr_etykieta_paletowa, nr_z_etykiety_na_kregu, lokalizacja_id, nr_faktury_dostawcy, data_dostawy, pracownik_id, dostawca_id, szablon_id, Data_do_usuwania) VALUES ('115', '2025-03-04', '0.50', '88.60', '598.00', '598.00', 'x', 'G1516817-3', '1', 'WZ 1542/40/2025', '2025-03-04', '20', '6', '61', '2026-04-26');
INSERT INTO `tasma` (id, data_z_etykiety_na_kregu, grubosc, szerokosc, waga_kregu, waga_kregu_na_stanie, nr_etykieta_paletowa, nr_z_etykiety_na_kregu, lokalizacja_id, nr_faktury_dostawcy, data_dostawy, pracownik_id, dostawca_id, szablon_id, Data_do_usuwania) VALUES ('116', '2024-06-14', '2.00', '85.50', '855.00', '855.00', 'x', '40069-1', '1', 'WZ 2406/00597', '2024-06-14', '20', '10', '20', '2026-04-26');
INSERT INTO `tasma` (id, data_z_etykiety_na_kregu, grubosc, szerokosc, waga_kregu, waga_kregu_na_stanie, nr_etykieta_paletowa, nr_z_etykiety_na_kregu, lokalizacja_id, nr_faktury_dostawcy, data_dostawy, pracownik_id, dostawca_id, szablon_id, Data_do_usuwania) VALUES ('117', '2024-06-14', '2.00', '85.50', '855.00', '855.00', 'x', '40069-2', '1', 'WZ 2406/00597', '2024-06-14', '20', '10', '20', '2026-04-26');
INSERT INTO `tasma` (id, data_z_etykiety_na_kregu, grubosc, szerokosc, waga_kregu, waga_kregu_na_stanie, nr_etykieta_paletowa, nr_z_etykiety_na_kregu, lokalizacja_id, nr_faktury_dostawcy, data_dostawy, pracownik_id, dostawca_id, szablon_id, Data_do_usuwania) VALUES ('118', '2024-06-14', '2.00', '85.50', '854.00', '854.00', 'x', '40076', '1', 'WZ 2406/00597', '2024-06-14', '20', '10', '20', '2026-04-26');
INSERT INTO `tasma` (id, data_z_etykiety_na_kregu, grubosc, szerokosc, waga_kregu, waga_kregu_na_stanie, nr_etykieta_paletowa, nr_z_etykiety_na_kregu, lokalizacja_id, nr_faktury_dostawcy, data_dostawy, pracownik_id, dostawca_id, szablon_id, Data_do_usuwania) VALUES ('119', '2021-10-22', '1.50', '81.40', '736.00', '736.00', 'x', '21KG072453', '1', '1001012161', '2021-10-29', '20', '11', '45', '2026-04-26');
INSERT INTO `tasma` (id, data_z_etykiety_na_kregu, grubosc, szerokosc, waga_kregu, waga_kregu_na_stanie, nr_etykieta_paletowa, nr_z_etykiety_na_kregu, lokalizacja_id, nr_faktury_dostawcy, data_dostawy, pracownik_id, dostawca_id, szablon_id, Data_do_usuwania) VALUES ('120', '2021-10-23', '2.00', '80.20', '600.00', '600.00', 'x', '21KG071239', '1', '1001012008', '2021-10-26', '20', '11', '46', '2026-04-26');
INSERT INTO `tasma` (id, data_z_etykiety_na_kregu, grubosc, szerokosc, waga_kregu, waga_kregu_na_stanie, nr_etykieta_paletowa, nr_z_etykiety_na_kregu, lokalizacja_id, nr_faktury_dostawcy, data_dostawy, pracownik_id, dostawca_id, szablon_id, Data_do_usuwania) VALUES ('121', '2024-07-10', '1.50', '79.00', '360.00', '360.00', 'x', '1586007-3', '1', 'D. N. 825346', '2024-07-11', '20', '9', '19', '2026-04-26');
INSERT INTO `tasma` (id, data_z_etykiety_na_kregu, grubosc, szerokosc, waga_kregu, waga_kregu_na_stanie, nr_etykieta_paletowa, nr_z_etykiety_na_kregu, lokalizacja_id, nr_faktury_dostawcy, data_dostawy, pracownik_id, dostawca_id, szablon_id, Data_do_usuwania) VALUES ('122', '2024-07-10', '1.50', '79.00', '394.75', '394.75', 'x', '1586007-4', '1', 'D. N. 825346', '2024-07-11', '20', '9', '19', '2026-04-26');
INSERT INTO `tasma` (id, data_z_etykiety_na_kregu, grubosc, szerokosc, waga_kregu, waga_kregu_na_stanie, nr_etykieta_paletowa, nr_z_etykiety_na_kregu, lokalizacja_id, nr_faktury_dostawcy, data_dostawy, pracownik_id, dostawca_id, szablon_id, Data_do_usuwania) VALUES ('123', '2023-06-01', '1.50', '79.00', '664.00', '664.00', 'x', '1142754-2', '1', 'D. N. 787076', '2023-06-06', '20', '9', '19', '2026-04-26');
INSERT INTO `tasma` (id, data_z_etykiety_na_kregu, grubosc, szerokosc, waga_kregu, waga_kregu_na_stanie, nr_etykieta_paletowa, nr_z_etykiety_na_kregu, lokalizacja_id, nr_faktury_dostawcy, data_dostawy, pracownik_id, dostawca_id, szablon_id, Data_do_usuwania) VALUES ('124', '2025-02-28', '0.50', '73.00', '299.00', '299.00', 'x', 'Stel40-6', '1', 'WZ 204/2025', '2025-02-28', '20', '8', '56', '2026-04-26');
INSERT INTO `tasma` (id, data_z_etykiety_na_kregu, grubosc, szerokosc, waga_kregu, waga_kregu_na_stanie, nr_etykieta_paletowa, nr_z_etykiety_na_kregu, lokalizacja_id, nr_faktury_dostawcy, data_dostawy, pracownik_id, dostawca_id, szablon_id, Data_do_usuwania) VALUES ('125', '2025-02-28', '0.50', '73.00', '299.00', '299.00', 'x', 'Stel40-7', '1', 'WZ 204/2025', '2025-02-28', '20', '8', '56', '2026-04-26');
INSERT INTO `tasma` (id, data_z_etykiety_na_kregu, grubosc, szerokosc, waga_kregu, waga_kregu_na_stanie, nr_etykieta_paletowa, nr_z_etykiety_na_kregu, lokalizacja_id, nr_faktury_dostawcy, data_dostawy, pracownik_id, dostawca_id, szablon_id, Data_do_usuwania) VALUES ('126', '2025-02-28', '0.50', '73.00', '298.00', '298.00', 'x', 'Stel40-8', '1', 'WZ 204/2025', '2025-02-28', '20', '8', '56', '2026-04-26');
INSERT INTO `tasma` (id, data_z_etykiety_na_kregu, grubosc, szerokosc, waga_kregu, waga_kregu_na_stanie, nr_etykieta_paletowa, nr_z_etykiety_na_kregu, lokalizacja_id, nr_faktury_dostawcy, data_dostawy, pracownik_id, dostawca_id, szablon_id, Data_do_usuwania) VALUES ('127', '2025-02-28', '0.50', '73.00', '298.00', '298.00', 'x', 'Stel40-9', '1', 'WZ 204/2025', '2025-02-28', '20', '8', '56', '2026-04-26');
INSERT INTO `tasma` (id, data_z_etykiety_na_kregu, grubosc, szerokosc, waga_kregu, waga_kregu_na_stanie, nr_etykieta_paletowa, nr_z_etykiety_na_kregu, lokalizacja_id, nr_faktury_dostawcy, data_dostawy, pracownik_id, dostawca_id, szablon_id, Data_do_usuwania) VALUES ('128', '2025-02-28', '0.50', '73.00', '298.00', '298.00', 'x', 'Stel40-10', '1', 'WZ 204/2025', '2025-02-28', '20', '8', '56', '2026-04-26');
INSERT INTO `tasma` (id, data_z_etykiety_na_kregu, grubosc, szerokosc, waga_kregu, waga_kregu_na_stanie, nr_etykieta_paletowa, nr_z_etykiety_na_kregu, lokalizacja_id, nr_faktury_dostawcy, data_dostawy, pracownik_id, dostawca_id, szablon_id, Data_do_usuwania) VALUES ('129', '2025-02-28', '0.50', '73.00', '335.00', '335.00', 'x', 'Stel40-15', '1', 'WZ 204/2025', '2025-02-28', '20', '8', '56', '2026-04-26');
INSERT INTO `tasma` (id, data_z_etykiety_na_kregu, grubosc, szerokosc, waga_kregu, waga_kregu_na_stanie, nr_etykieta_paletowa, nr_z_etykiety_na_kregu, lokalizacja_id, nr_faktury_dostawcy, data_dostawy, pracownik_id, dostawca_id, szablon_id, Data_do_usuwania) VALUES ('130', '2025-02-28', '0.50', '73.00', '334.00', '334.00', 'x', 'Stel40-16', '1', 'WZ 204/2025', '2025-02-28', '20', '8', '56', '2026-04-26');
INSERT INTO `tasma` (id, data_z_etykiety_na_kregu, grubosc, szerokosc, waga_kregu, waga_kregu_na_stanie, nr_etykieta_paletowa, nr_z_etykiety_na_kregu, lokalizacja_id, nr_faktury_dostawcy, data_dostawy, pracownik_id, dostawca_id, szablon_id, Data_do_usuwania) VALUES ('131', '2024-07-09', '0.50', '73.00', '253.00', '253.00', 'x', 'SM40-5', '1', 'WZ 563/2024', '2024-07-09', '20', '8', '56', '2026-04-26');
INSERT INTO `tasma` (id, data_z_etykiety_na_kregu, grubosc, szerokosc, waga_kregu, waga_kregu_na_stanie, nr_etykieta_paletowa, nr_z_etykiety_na_kregu, lokalizacja_id, nr_faktury_dostawcy, data_dostawy, pracownik_id, dostawca_id, szablon_id, Data_do_usuwania) VALUES ('132', '2024-07-09', '0.50', '73.00', '253.00', '253.00', 'x', 'SM40-6', '1', 'WZ 563/2024', '2024-07-09', '20', '8', '56', '2026-04-26');
INSERT INTO `tasma` (id, data_z_etykiety_na_kregu, grubosc, szerokosc, waga_kregu, waga_kregu_na_stanie, nr_etykieta_paletowa, nr_z_etykiety_na_kregu, lokalizacja_id, nr_faktury_dostawcy, data_dostawy, pracownik_id, dostawca_id, szablon_id, Data_do_usuwania) VALUES ('133', '2023-10-25', '2.00', '70.00', '1266.00', '1266.00', 'x', '62554146.1.05.05.1.01.03', '1', '136751', '2023-10-31', '20', '12', '28', '2026-04-26');
INSERT INTO `tasma` (id, data_z_etykiety_na_kregu, grubosc, szerokosc, waga_kregu, waga_kregu_na_stanie, nr_etykieta_paletowa, nr_z_etykiety_na_kregu, lokalizacja_id, nr_faktury_dostawcy, data_dostawy, pracownik_id, dostawca_id, szablon_id, Data_do_usuwania) VALUES ('134', '2023-10-25', '2.00', '70.00', '1266.00', '1266.00', 'x', '62554146.1.05.05.1.02.03', '1', '136751', '2023-10-31', '20', '12', '28', '2026-04-26');
INSERT INTO `tasma` (id, data_z_etykiety_na_kregu, grubosc, szerokosc, waga_kregu, waga_kregu_na_stanie, nr_etykieta_paletowa, nr_z_etykiety_na_kregu, lokalizacja_id, nr_faktury_dostawcy, data_dostawy, pracownik_id, dostawca_id, szablon_id, Data_do_usuwania) VALUES ('135', '2023-02-22', '2.00', '70.00', '654.00', '654.00', 'x', '62542893.1.01.16', '1', '128605', '2023-03-03', '20', '12', '28', '2026-04-26');
INSERT INTO `tasma` (id, data_z_etykiety_na_kregu, grubosc, szerokosc, waga_kregu, waga_kregu_na_stanie, nr_etykieta_paletowa, nr_z_etykiety_na_kregu, lokalizacja_id, nr_faktury_dostawcy, data_dostawy, pracownik_id, dostawca_id, szablon_id, Data_do_usuwania) VALUES ('136', '2023-08-08', '2.00', '66.50', '598.00', '598.00', 'x', '665X2-2', '1', 'WZ 544/2023', '2023-08-08', '20', '8', '34', '2026-04-26');
INSERT INTO `tasma` (id, data_z_etykiety_na_kregu, grubosc, szerokosc, waga_kregu, waga_kregu_na_stanie, nr_etykieta_paletowa, nr_z_etykiety_na_kregu, lokalizacja_id, nr_faktury_dostawcy, data_dostawy, pracownik_id, dostawca_id, szablon_id, Data_do_usuwania) VALUES ('137', '2023-04-14', '1.20', '66.00', '45.00', '45.00', 'x', '297/2023/4', '1', 'WZ 297/2023', '2023-04-17', '20', '8', '38', '2026-04-26');
INSERT INTO `tasma` (id, data_z_etykiety_na_kregu, grubosc, szerokosc, waga_kregu, waga_kregu_na_stanie, nr_etykieta_paletowa, nr_z_etykiety_na_kregu, lokalizacja_id, nr_faktury_dostawcy, data_dostawy, pracownik_id, dostawca_id, szablon_id, Data_do_usuwania) VALUES ('138', '2023-04-14', '1.20', '66.00', '228.00', '228.00', 'x', '297/2023/5', '1', 'WZ 297/2023', '2023-04-17', '20', '8', '38', '2026-04-26');
INSERT INTO `tasma` (id, data_z_etykiety_na_kregu, grubosc, szerokosc, waga_kregu, waga_kregu_na_stanie, nr_etykieta_paletowa, nr_z_etykiety_na_kregu, lokalizacja_id, nr_faktury_dostawcy, data_dostawy, pracownik_id, dostawca_id, szablon_id, Data_do_usuwania) VALUES ('139', '2023-04-14', '1.20', '66.00', '228.00', '228.00', 'x', '297/2023/6', '1', 'WZ 297/2023', '2023-04-17', '20', '8', '38', '2026-04-26');
INSERT INTO `tasma` (id, data_z_etykiety_na_kregu, grubosc, szerokosc, waga_kregu, waga_kregu_na_stanie, nr_etykieta_paletowa, nr_z_etykiety_na_kregu, lokalizacja_id, nr_faktury_dostawcy, data_dostawy, pracownik_id, dostawca_id, szablon_id, Data_do_usuwania) VALUES ('140', '2023-04-14', '1.20', '66.00', '228.00', '228.00', 'x', '297/2023/7', '1', 'WZ 297/2023', '2023-04-17', '20', '8', '38', '2026-04-26');
INSERT INTO `tasma` (id, data_z_etykiety_na_kregu, grubosc, szerokosc, waga_kregu, waga_kregu_na_stanie, nr_etykieta_paletowa, nr_z_etykiety_na_kregu, lokalizacja_id, nr_faktury_dostawcy, data_dostawy, pracownik_id, dostawca_id, szablon_id, Data_do_usuwania) VALUES ('141', '2023-04-14', '1.20', '66.00', '228.00', '228.00', 'x', '297/2023/8', '1', 'WZ 297/2023', '2023-04-17', '20', '8', '38', '2026-04-26');
INSERT INTO `tasma` (id, data_z_etykiety_na_kregu, grubosc, szerokosc, waga_kregu, waga_kregu_na_stanie, nr_etykieta_paletowa, nr_z_etykiety_na_kregu, lokalizacja_id, nr_faktury_dostawcy, data_dostawy, pracownik_id, dostawca_id, szablon_id, Data_do_usuwania) VALUES ('142', '2023-04-14', '1.20', '66.00', '228.00', '228.00', 'x', '297/2023/9', '1', 'WZ 297/2023', '2023-04-17', '20', '8', '38', '2026-04-26');
INSERT INTO `tasma` (id, data_z_etykiety_na_kregu, grubosc, szerokosc, waga_kregu, waga_kregu_na_stanie, nr_etykieta_paletowa, nr_z_etykiety_na_kregu, lokalizacja_id, nr_faktury_dostawcy, data_dostawy, pracownik_id, dostawca_id, szablon_id, Data_do_usuwania) VALUES ('143', '2025-02-28', '1.50', '65.00', '482.50', '482.50', 'x', '2531-1', '1', 'WZ/1547/02/2025/MG', '2025-02-28', '20', '7', '30', '2026-04-26');
INSERT INTO `tasma` (id, data_z_etykiety_na_kregu, grubosc, szerokosc, waga_kregu, waga_kregu_na_stanie, nr_etykieta_paletowa, nr_z_etykiety_na_kregu, lokalizacja_id, nr_faktury_dostawcy, data_dostawy, pracownik_id, dostawca_id, szablon_id, Data_do_usuwania) VALUES ('144', '2025-02-28', '1.50', '65.00', '482.50', '482.50', 'x', '2531-2', '1', 'WZ/1547/02/2025/MG', '2025-02-28', '20', '7', '30', '2026-04-26');
INSERT INTO `tasma` (id, data_z_etykiety_na_kregu, grubosc, szerokosc, waga_kregu, waga_kregu_na_stanie, nr_etykieta_paletowa, nr_z_etykiety_na_kregu, lokalizacja_id, nr_faktury_dostawcy, data_dostawy, pracownik_id, dostawca_id, szablon_id, Data_do_usuwania) VALUES ('145', '2025-02-28', '1.50', '65.00', '485.00', '485.00', 'x', '2520-1', '1', 'WZ/1547/02/2025/MG', '2025-02-28', '20', '7', '30', '2026-04-26');
INSERT INTO `tasma` (id, data_z_etykiety_na_kregu, grubosc, szerokosc, waga_kregu, waga_kregu_na_stanie, nr_etykieta_paletowa, nr_z_etykiety_na_kregu, lokalizacja_id, nr_faktury_dostawcy, data_dostawy, pracownik_id, dostawca_id, szablon_id, Data_do_usuwania) VALUES ('146', '2025-02-28', '1.50', '65.00', '485.00', '485.00', 'x', '2520-2', '1', 'WZ/1547/02/2025/MG', '2025-02-28', '20', '7', '30', '2026-04-26');
INSERT INTO `tasma` (id, data_z_etykiety_na_kregu, grubosc, szerokosc, waga_kregu, waga_kregu_na_stanie, nr_etykieta_paletowa, nr_z_etykiety_na_kregu, lokalizacja_id, nr_faktury_dostawcy, data_dostawy, pracownik_id, dostawca_id, szablon_id, Data_do_usuwania) VALUES ('147', '2023-04-14', '2.00', '60.50', '998.00', '998.00', 'x', '62545070.1.09.14', '1', '130084', '2023-04-14', '20', '12', '39', '2026-04-26');
INSERT INTO `tasma` (id, data_z_etykiety_na_kregu, grubosc, szerokosc, waga_kregu, waga_kregu_na_stanie, nr_etykieta_paletowa, nr_z_etykiety_na_kregu, lokalizacja_id, nr_faktury_dostawcy, data_dostawy, pracownik_id, dostawca_id, szablon_id, Data_do_usuwania) VALUES ('148', '2023-04-14', '2.00', '60.50', '996.00', '996.00', 'x', '62545070.1.11.14', '1', '130084', '2023-04-14', '20', '12', '39', '2026-04-26');
INSERT INTO `tasma` (id, data_z_etykiety_na_kregu, grubosc, szerokosc, waga_kregu, waga_kregu_na_stanie, nr_etykieta_paletowa, nr_z_etykiety_na_kregu, lokalizacja_id, nr_faktury_dostawcy, data_dostawy, pracownik_id, dostawca_id, szablon_id, Data_do_usuwania) VALUES ('149', '2023-04-14', '2.00', '60.50', '994.00', '994.00', 'x', '62545070.1.12.14', '1', '130084', '2023-04-14', '20', '12', '39', '2026-04-26');
INSERT INTO `tasma` (id, data_z_etykiety_na_kregu, grubosc, szerokosc, waga_kregu, waga_kregu_na_stanie, nr_etykieta_paletowa, nr_z_etykiety_na_kregu, lokalizacja_id, nr_faktury_dostawcy, data_dostawy, pracownik_id, dostawca_id, szablon_id, Data_do_usuwania) VALUES ('150', '2023-12-19', '0.80', '57.20', '274.00', '0.00', 'x', 'SSAB572-18', '1', '83266755', '2023-12-19', '20', '13', '55', '2026-04-26');
INSERT INTO `tasma` (id, data_z_etykiety_na_kregu, grubosc, szerokosc, waga_kregu, waga_kregu_na_stanie, nr_etykieta_paletowa, nr_z_etykiety_na_kregu, lokalizacja_id, nr_faktury_dostawcy, data_dostawy, pracownik_id, dostawca_id, szablon_id, Data_do_usuwania) VALUES ('151', '2022-12-20', '0.80', '57.20', '323.00', '323.00', 'x', '57,2x0,8-2201-207', '1', 'WZ 1029/2022', '2022-12-20', '20', '8', '55', '2026-04-26');
INSERT INTO `tasma` (id, data_z_etykiety_na_kregu, grubosc, szerokosc, waga_kregu, waga_kregu_na_stanie, nr_etykieta_paletowa, nr_z_etykiety_na_kregu, lokalizacja_id, nr_faktury_dostawcy, data_dostawy, pracownik_id, dostawca_id, szablon_id, Data_do_usuwania) VALUES ('152', '2023-08-08', '2.00', '56.50', '506.00', '506.00', 'x', '565X2-3', '1', 'WZ 544/2023', '2023-08-08', '20', '8', '35', '2026-04-26');
INSERT INTO `tasma` (id, data_z_etykiety_na_kregu, grubosc, szerokosc, waga_kregu, waga_kregu_na_stanie, nr_etykieta_paletowa, nr_z_etykiety_na_kregu, lokalizacja_id, nr_faktury_dostawcy, data_dostawy, pracownik_id, dostawca_id, szablon_id, Data_do_usuwania) VALUES ('153', '2025-03-04', '0.50', '51.40', '350.00', '350.00', 'x', 'G1516821-5', '1', 'WZ 1542/40/2025', '2025-03-04', '20', '6', '60', '2026-04-26');
INSERT INTO `tasma` (id, data_z_etykiety_na_kregu, grubosc, szerokosc, waga_kregu, waga_kregu_na_stanie, nr_etykieta_paletowa, nr_z_etykiety_na_kregu, lokalizacja_id, nr_faktury_dostawcy, data_dostawy, pracownik_id, dostawca_id, szablon_id, Data_do_usuwania) VALUES ('154', '2025-03-04', '0.50', '51.40', '347.00', '347.00', 'x', 'G1516822-1', '1', 'WZ 1542/40/2025', '2025-03-04', '20', '6', '60', '2026-04-26');
INSERT INTO `tasma` (id, data_z_etykiety_na_kregu, grubosc, szerokosc, waga_kregu, waga_kregu_na_stanie, nr_etykieta_paletowa, nr_z_etykiety_na_kregu, lokalizacja_id, nr_faktury_dostawcy, data_dostawy, pracownik_id, dostawca_id, szablon_id, Data_do_usuwania) VALUES ('155', '2025-02-28', '0.50', '51.40', '265.00', '265.00', 'x', 'Stel25-14', '1', 'WZ 204/2025', '2025-02-28', '20', '8', '60', '2026-04-26');
INSERT INTO `tasma` (id, data_z_etykiety_na_kregu, grubosc, szerokosc, waga_kregu, waga_kregu_na_stanie, nr_etykieta_paletowa, nr_z_etykiety_na_kregu, lokalizacja_id, nr_faktury_dostawcy, data_dostawy, pracownik_id, dostawca_id, szablon_id, Data_do_usuwania) VALUES ('156', '2025-02-28', '0.50', '51.40', '265.00', '265.00', 'x', 'Stel25-15', '1', 'WZ 204/2025', '2025-02-28', '20', '8', '60', '2026-04-26');
INSERT INTO `tasma` (id, data_z_etykiety_na_kregu, grubosc, szerokosc, waga_kregu, waga_kregu_na_stanie, nr_etykieta_paletowa, nr_z_etykiety_na_kregu, lokalizacja_id, nr_faktury_dostawcy, data_dostawy, pracownik_id, dostawca_id, szablon_id, Data_do_usuwania) VALUES ('157', '2025-02-28', '0.50', '51.40', '264.00', '264.00', 'x', 'Stel25-16', '1', 'WZ 204/2025', '2025-02-28', '20', '8', '60', '2026-04-26');
INSERT INTO `tasma` (id, data_z_etykiety_na_kregu, grubosc, szerokosc, waga_kregu, waga_kregu_na_stanie, nr_etykieta_paletowa, nr_z_etykiety_na_kregu, lokalizacja_id, nr_faktury_dostawcy, data_dostawy, pracownik_id, dostawca_id, szablon_id, Data_do_usuwania) VALUES ('158', '2025-02-28', '0.50', '51.40', '264.00', '264.00', 'x', 'Stel25-17', '1', 'WZ 204/2025', '2025-02-28', '20', '8', '60', '2026-04-26');
INSERT INTO `tasma` (id, data_z_etykiety_na_kregu, grubosc, szerokosc, waga_kregu, waga_kregu_na_stanie, nr_etykieta_paletowa, nr_z_etykiety_na_kregu, lokalizacja_id, nr_faktury_dostawcy, data_dostawy, pracownik_id, dostawca_id, szablon_id, Data_do_usuwania) VALUES ('159', '2025-02-28', '0.50', '51.40', '264.00', '264.00', 'x', 'Stel25-18', '1', 'WZ 204/2025', '2025-02-28', '20', '8', '60', '2026-04-26');
INSERT INTO `tasma` (id, data_z_etykiety_na_kregu, grubosc, szerokosc, waga_kregu, waga_kregu_na_stanie, nr_etykieta_paletowa, nr_z_etykiety_na_kregu, lokalizacja_id, nr_faktury_dostawcy, data_dostawy, pracownik_id, dostawca_id, szablon_id, Data_do_usuwania) VALUES ('160', '2023-08-08', '2.00', '46.50', '414.00', '414.00', 'x', '465X2-5', '1', 'WZ 544/2023', '2023-08-08', '20', '8', '36', '2026-04-26');
INSERT INTO `tasma` (id, data_z_etykiety_na_kregu, grubosc, szerokosc, waga_kregu, waga_kregu_na_stanie, nr_etykieta_paletowa, nr_z_etykiety_na_kregu, lokalizacja_id, nr_faktury_dostawcy, data_dostawy, pracownik_id, dostawca_id, szablon_id, Data_do_usuwania) VALUES ('161', '2023-08-08', '2.00', '46.50', '413.00', '413.00', 'x', '465X2-3', '1', 'WZ 544/2023', '2023-08-08', '20', '8', '36', '2026-04-26');
INSERT INTO `tasma` (id, data_z_etykiety_na_kregu, grubosc, szerokosc, waga_kregu, waga_kregu_na_stanie, nr_etykieta_paletowa, nr_z_etykiety_na_kregu, lokalizacja_id, nr_faktury_dostawcy, data_dostawy, pracownik_id, dostawca_id, szablon_id, Data_do_usuwania) VALUES ('162', '2023-08-08', '2.00', '46.50', '413.00', '413.00', 'x', '465X2-4', '1', 'WZ 544/2023', '2023-08-08', '20', '8', '36', '2026-04-26');
INSERT INTO `tasma` (id, data_z_etykiety_na_kregu, grubosc, szerokosc, waga_kregu, waga_kregu_na_stanie, nr_etykieta_paletowa, nr_z_etykiety_na_kregu, lokalizacja_id, nr_faktury_dostawcy, data_dostawy, pracownik_id, dostawca_id, szablon_id, Data_do_usuwania) VALUES ('163', '2022-07-22', '1.00', '46.00', '80.00', '80.00', 'x', '9735470', '1', 'D. N. 753832', '2022-08-12', '20', '9', '44', '2026-04-26');
INSERT INTO `tasma` (id, data_z_etykiety_na_kregu, grubosc, szerokosc, waga_kregu, waga_kregu_na_stanie, nr_etykieta_paletowa, nr_z_etykiety_na_kregu, lokalizacja_id, nr_faktury_dostawcy, data_dostawy, pracownik_id, dostawca_id, szablon_id, Data_do_usuwania) VALUES ('164', '2025-01-08', '0.80', '45.00', '354.00', '354.00', 'x', '6730-1', '1', 'WZ/497/01/2025/MG', '2025-01-15', '20', '7', '52', '2026-04-26');
INSERT INTO `tasma` (id, data_z_etykiety_na_kregu, grubosc, szerokosc, waga_kregu, waga_kregu_na_stanie, nr_etykieta_paletowa, nr_z_etykiety_na_kregu, lokalizacja_id, nr_faktury_dostawcy, data_dostawy, pracownik_id, dostawca_id, szablon_id, Data_do_usuwania) VALUES ('165', '2025-01-08', '0.80', '45.00', '353.00', '353.00', 'x', '6730-2', '1', 'WZ/497/01/2025/MG', '2025-01-15', '20', '7', '52', '2026-04-26');
INSERT INTO `tasma` (id, data_z_etykiety_na_kregu, grubosc, szerokosc, waga_kregu, waga_kregu_na_stanie, nr_etykieta_paletowa, nr_z_etykiety_na_kregu, lokalizacja_id, nr_faktury_dostawcy, data_dostawy, pracownik_id, dostawca_id, szablon_id, Data_do_usuwania) VALUES ('166', '2025-01-08', '0.80', '45.00', '353.00', '353.00', 'x', '6730-3', '1', 'WZ/497/01/2025/MG', '2025-01-15', '20', '7', '52', '2026-04-26');
INSERT INTO `tasma` (id, data_z_etykiety_na_kregu, grubosc, szerokosc, waga_kregu, waga_kregu_na_stanie, nr_etykieta_paletowa, nr_z_etykiety_na_kregu, lokalizacja_id, nr_faktury_dostawcy, data_dostawy, pracownik_id, dostawca_id, szablon_id, Data_do_usuwania) VALUES ('167', '2025-01-08', '0.80', '45.00', '355.00', '355.00', 'x', '6729-1', '1', 'WZ/497/01/2025/MG', '2025-01-15', '20', '7', '52', '2026-04-26');
INSERT INTO `tasma` (id, data_z_etykiety_na_kregu, grubosc, szerokosc, waga_kregu, waga_kregu_na_stanie, nr_etykieta_paletowa, nr_z_etykiety_na_kregu, lokalizacja_id, nr_faktury_dostawcy, data_dostawy, pracownik_id, dostawca_id, szablon_id, Data_do_usuwania) VALUES ('168', '2025-01-08', '0.80', '45.00', '355.00', '355.00', 'x', '6729-2', '1', 'WZ/497/01/2025/MG', '2025-01-15', '20', '7', '52', '2026-04-26');
INSERT INTO `tasma` (id, data_z_etykiety_na_kregu, grubosc, szerokosc, waga_kregu, waga_kregu_na_stanie, nr_etykieta_paletowa, nr_z_etykiety_na_kregu, lokalizacja_id, nr_faktury_dostawcy, data_dostawy, pracownik_id, dostawca_id, szablon_id, Data_do_usuwania) VALUES ('169', '2025-01-08', '0.80', '45.00', '355.00', '355.00', 'x', '6729-3', '1', 'WZ/497/01/2025/MG', '2025-01-15', '20', '7', '52', '2026-04-26');
INSERT INTO `tasma` (id, data_z_etykiety_na_kregu, grubosc, szerokosc, waga_kregu, waga_kregu_na_stanie, nr_etykieta_paletowa, nr_z_etykiety_na_kregu, lokalizacja_id, nr_faktury_dostawcy, data_dostawy, pracownik_id, dostawca_id, szablon_id, Data_do_usuwania) VALUES ('170', '2025-01-08', '0.80', '45.00', '350.00', '350.00', 'x', '6752-1', '1', 'WZ/497/01/2025/MG', '2025-01-15', '20', '7', '52', '2026-04-26');
INSERT INTO `tasma` (id, data_z_etykiety_na_kregu, grubosc, szerokosc, waga_kregu, waga_kregu_na_stanie, nr_etykieta_paletowa, nr_z_etykiety_na_kregu, lokalizacja_id, nr_faktury_dostawcy, data_dostawy, pracownik_id, dostawca_id, szablon_id, Data_do_usuwania) VALUES ('171', '2025-01-08', '0.80', '45.00', '350.00', '350.00', 'x', '6752-2', '1', 'WZ/497/01/2025/MG', '2025-01-15', '20', '7', '52', '2026-04-26');
INSERT INTO `tasma` (id, data_z_etykiety_na_kregu, grubosc, szerokosc, waga_kregu, waga_kregu_na_stanie, nr_etykieta_paletowa, nr_z_etykiety_na_kregu, lokalizacja_id, nr_faktury_dostawcy, data_dostawy, pracownik_id, dostawca_id, szablon_id, Data_do_usuwania) VALUES ('172', '2025-01-08', '0.80', '45.00', '350.00', '350.00', 'x', '6752-3', '1', 'WZ/497/01/2025/MG', '2025-01-15', '20', '7', '52', '2026-04-26');
INSERT INTO `tasma` (id, data_z_etykiety_na_kregu, grubosc, szerokosc, waga_kregu, waga_kregu_na_stanie, nr_etykieta_paletowa, nr_z_etykiety_na_kregu, lokalizacja_id, nr_faktury_dostawcy, data_dostawy, pracownik_id, dostawca_id, szablon_id, Data_do_usuwania) VALUES ('173', '2025-01-08', '0.80', '45.00', '350.00', '350.00', 'x', '6752-4', '1', 'WZ/497/01/2025/MG', '2025-01-15', '20', '7', '52', '2026-04-26');
INSERT INTO `tasma` (id, data_z_etykiety_na_kregu, grubosc, szerokosc, waga_kregu, waga_kregu_na_stanie, nr_etykieta_paletowa, nr_z_etykiety_na_kregu, lokalizacja_id, nr_faktury_dostawcy, data_dostawy, pracownik_id, dostawca_id, szablon_id, Data_do_usuwania) VALUES ('174', '2025-01-08', '0.80', '45.00', '352.00', '352.00', 'x', '6741-1', '1', 'WZ/497/01/2025/MG', '2025-01-15', '20', '7', '52', '2026-04-26');
INSERT INTO `tasma` (id, data_z_etykiety_na_kregu, grubosc, szerokosc, waga_kregu, waga_kregu_na_stanie, nr_etykieta_paletowa, nr_z_etykiety_na_kregu, lokalizacja_id, nr_faktury_dostawcy, data_dostawy, pracownik_id, dostawca_id, szablon_id, Data_do_usuwania) VALUES ('175', '2025-01-08', '0.80', '45.00', '351.00', '351.00', 'x', '6741-2', '1', 'WZ/497/01/2025/MG', '2025-01-15', '20', '7', '52', '2026-04-26');
INSERT INTO `tasma` (id, data_z_etykiety_na_kregu, grubosc, szerokosc, waga_kregu, waga_kregu_na_stanie, nr_etykieta_paletowa, nr_z_etykiety_na_kregu, lokalizacja_id, nr_faktury_dostawcy, data_dostawy, pracownik_id, dostawca_id, szablon_id, Data_do_usuwania) VALUES ('176', '2025-01-08', '0.80', '45.00', '351.00', '351.00', 'x', '6741-3', '1', 'WZ/497/01/2025/MG', '2025-01-15', '20', '7', '52', '2026-04-26');
INSERT INTO `tasma` (id, data_z_etykiety_na_kregu, grubosc, szerokosc, waga_kregu, waga_kregu_na_stanie, nr_etykieta_paletowa, nr_z_etykiety_na_kregu, lokalizacja_id, nr_faktury_dostawcy, data_dostawy, pracownik_id, dostawca_id, szablon_id, Data_do_usuwania) VALUES ('177', '2025-01-08', '0.80', '45.00', '351.00', '351.00', 'x', '6741-4', '1', 'WZ/497/01/2025/MG', '2025-01-15', '20', '7', '52', '2026-04-26');
INSERT INTO `tasma` (id, data_z_etykiety_na_kregu, grubosc, szerokosc, waga_kregu, waga_kregu_na_stanie, nr_etykieta_paletowa, nr_z_etykiety_na_kregu, lokalizacja_id, nr_faktury_dostawcy, data_dostawy, pracownik_id, dostawca_id, szablon_id, Data_do_usuwania) VALUES ('178', '2024-08-02', '0.80', '45.00', '196.20', '196.20', 'x', 'G1414782-1', '1', 'WZ 4360/40/2024', '2024-08-13', '20', '6', '52', '2026-04-26');
INSERT INTO `tasma` (id, data_z_etykiety_na_kregu, grubosc, szerokosc, waga_kregu, waga_kregu_na_stanie, nr_etykieta_paletowa, nr_z_etykiety_na_kregu, lokalizacja_id, nr_faktury_dostawcy, data_dostawy, pracownik_id, dostawca_id, szablon_id, Data_do_usuwania) VALUES ('179', '2024-08-02', '0.80', '45.00', '196.20', '196.20', 'x', 'G1414782-2', '1', 'WZ 4360/40/2024', '2024-08-13', '20', '6', '52', '2026-04-26');
INSERT INTO `tasma` (id, data_z_etykiety_na_kregu, grubosc, szerokosc, waga_kregu, waga_kregu_na_stanie, nr_etykieta_paletowa, nr_z_etykiety_na_kregu, lokalizacja_id, nr_faktury_dostawcy, data_dostawy, pracownik_id, dostawca_id, szablon_id, Data_do_usuwania) VALUES ('180', '2024-08-02', '0.80', '45.00', '196.20', '196.20', 'x', 'G1414782-3', '1', 'WZ 4360/40/2024', '2024-08-13', '20', '6', '52', '2026-04-26');
INSERT INTO `tasma` (id, data_z_etykiety_na_kregu, grubosc, szerokosc, waga_kregu, waga_kregu_na_stanie, nr_etykieta_paletowa, nr_z_etykiety_na_kregu, lokalizacja_id, nr_faktury_dostawcy, data_dostawy, pracownik_id, dostawca_id, szablon_id, Data_do_usuwania) VALUES ('181', '2024-08-02', '0.80', '45.00', '196.20', '196.20', 'x', 'G1414782-4', '1', 'WZ 4360/40/2024', '2024-08-13', '20', '6', '52', '2026-04-26');
INSERT INTO `tasma` (id, data_z_etykiety_na_kregu, grubosc, szerokosc, waga_kregu, waga_kregu_na_stanie, nr_etykieta_paletowa, nr_z_etykiety_na_kregu, lokalizacja_id, nr_faktury_dostawcy, data_dostawy, pracownik_id, dostawca_id, szablon_id, Data_do_usuwania) VALUES ('182', '2024-08-02', '0.80', '45.00', '196.20', '196.20', 'x', 'G1414782-5', '1', 'WZ 4360/40/2024', '2024-08-13', '20', '6', '52', '2026-04-26');
INSERT INTO `tasma` (id, data_z_etykiety_na_kregu, grubosc, szerokosc, waga_kregu, waga_kregu_na_stanie, nr_etykieta_paletowa, nr_z_etykiety_na_kregu, lokalizacja_id, nr_faktury_dostawcy, data_dostawy, pracownik_id, dostawca_id, szablon_id, Data_do_usuwania) VALUES ('183', '2024-07-26', '0.80', '45.00', '389.00', '389.00', 'x', 'G1414104-3', '1', 'WZ 4360/40/2024', '2024-08-13', '20', '6', '52', '2026-04-26');
INSERT INTO `tasma` (id, data_z_etykiety_na_kregu, grubosc, szerokosc, waga_kregu, waga_kregu_na_stanie, nr_etykieta_paletowa, nr_z_etykiety_na_kregu, lokalizacja_id, nr_faktury_dostawcy, data_dostawy, pracownik_id, dostawca_id, szablon_id, Data_do_usuwania) VALUES ('184', '2023-10-11', '0.80', '45.00', '210.00', '210.00', 'x', '11916391-1', '1', '83228265', '2023-10-12', '20', '13', '52', '2026-04-26');
INSERT INTO `tasma` (id, data_z_etykiety_na_kregu, grubosc, szerokosc, waga_kregu, waga_kregu_na_stanie, nr_etykieta_paletowa, nr_z_etykiety_na_kregu, lokalizacja_id, nr_faktury_dostawcy, data_dostawy, pracownik_id, dostawca_id, szablon_id, Data_do_usuwania) VALUES ('185', '2023-10-11', '0.80', '45.00', '210.00', '210.00', 'x', '11916391-2', '1', '83228265', '2023-10-12', '20', '13', '52', '2026-04-26');
INSERT INTO `tasma` (id, data_z_etykiety_na_kregu, grubosc, szerokosc, waga_kregu, waga_kregu_na_stanie, nr_etykieta_paletowa, nr_z_etykiety_na_kregu, lokalizacja_id, nr_faktury_dostawcy, data_dostawy, pracownik_id, dostawca_id, szablon_id, Data_do_usuwania) VALUES ('186', '2023-10-11', '0.80', '45.00', '210.00', '210.00', 'x', '11916391-3', '1', '83228265', '2023-10-12', '20', '13', '52', '2026-04-26');
INSERT INTO `tasma` (id, data_z_etykiety_na_kregu, grubosc, szerokosc, waga_kregu, waga_kregu_na_stanie, nr_etykieta_paletowa, nr_z_etykiety_na_kregu, lokalizacja_id, nr_faktury_dostawcy, data_dostawy, pracownik_id, dostawca_id, szablon_id, Data_do_usuwania) VALUES ('187', '2023-10-11', '0.80', '45.00', '210.00', '210.00', 'x', '11916391-4', '1', '83228265', '2023-10-12', '20', '13', '52', '2026-04-26');
INSERT INTO `tasma` (id, data_z_etykiety_na_kregu, grubosc, szerokosc, waga_kregu, waga_kregu_na_stanie, nr_etykieta_paletowa, nr_z_etykiety_na_kregu, lokalizacja_id, nr_faktury_dostawcy, data_dostawy, pracownik_id, dostawca_id, szablon_id, Data_do_usuwania) VALUES ('188', '2024-03-12', '1.00', '43.50', '153.00', '153.00', 'x', 'DIN1456399-10', '1', 'D. N. 815384', '2024-03-15', '20', '9', '23', '2026-04-26');
INSERT INTO `tasma` (id, data_z_etykiety_na_kregu, grubosc, szerokosc, waga_kregu, waga_kregu_na_stanie, nr_etykieta_paletowa, nr_z_etykiety_na_kregu, lokalizacja_id, nr_faktury_dostawcy, data_dostawy, pracownik_id, dostawca_id, szablon_id, Data_do_usuwania) VALUES ('189', '2024-03-12', '1.00', '43.50', '153.00', '153.00', 'x', 'DIN1456399-11', '1', 'D. N. 815384', '2024-03-15', '20', '9', '23', '2026-04-26');
INSERT INTO `tasma` (id, data_z_etykiety_na_kregu, grubosc, szerokosc, waga_kregu, waga_kregu_na_stanie, nr_etykieta_paletowa, nr_z_etykiety_na_kregu, lokalizacja_id, nr_faktury_dostawcy, data_dostawy, pracownik_id, dostawca_id, szablon_id, Data_do_usuwania) VALUES ('190', '2025-02-28', '0.50', '38.60', '119.00', '119.00', 'x', 'Stel20-13', '1', 'WZ 204/2025', '2025-02-28', '20', '8', '11', '2026-04-26');
INSERT INTO `tasma` (id, data_z_etykiety_na_kregu, grubosc, szerokosc, waga_kregu, waga_kregu_na_stanie, nr_etykieta_paletowa, nr_z_etykiety_na_kregu, lokalizacja_id, nr_faktury_dostawcy, data_dostawy, pracownik_id, dostawca_id, szablon_id, Data_do_usuwania) VALUES ('191', '2025-02-28', '0.50', '38.60', '119.00', '119.00', 'x', 'Stel20-14', '1', 'WZ 204/2025', '2025-02-28', '20', '8', '11', '2026-04-26');
INSERT INTO `tasma` (id, data_z_etykiety_na_kregu, grubosc, szerokosc, waga_kregu, waga_kregu_na_stanie, nr_etykieta_paletowa, nr_z_etykiety_na_kregu, lokalizacja_id, nr_faktury_dostawcy, data_dostawy, pracownik_id, dostawca_id, szablon_id, Data_do_usuwania) VALUES ('192', '2025-02-28', '0.50', '38.60', '119.00', '119.00', 'x', 'Stel20-15', '1', 'WZ 204/2025', '2025-02-28', '20', '8', '11', '2026-04-26');
INSERT INTO `tasma` (id, data_z_etykiety_na_kregu, grubosc, szerokosc, waga_kregu, waga_kregu_na_stanie, nr_etykieta_paletowa, nr_z_etykiety_na_kregu, lokalizacja_id, nr_faktury_dostawcy, data_dostawy, pracownik_id, dostawca_id, szablon_id, Data_do_usuwania) VALUES ('193', '2024-08-13', '0.80', '36.20', '156.00', '156.00', 'x', 'G1422174-7', '1', 'WZ 4379/40/2024', '2024-08-13', '20', '6', '53', '2026-04-26');
INSERT INTO `tasma` (id, data_z_etykiety_na_kregu, grubosc, szerokosc, waga_kregu, waga_kregu_na_stanie, nr_etykieta_paletowa, nr_z_etykiety_na_kregu, lokalizacja_id, nr_faktury_dostawcy, data_dostawy, pracownik_id, dostawca_id, szablon_id, Data_do_usuwania) VALUES ('194', '2024-08-13', '0.80', '36.20', '156.00', '156.00', 'x', 'G1422174-8', '1', 'WZ 4379/40/2024', '2024-08-13', '20', '6', '53', '2026-04-26');
INSERT INTO `tasma` (id, data_z_etykiety_na_kregu, grubosc, szerokosc, waga_kregu, waga_kregu_na_stanie, nr_etykieta_paletowa, nr_z_etykiety_na_kregu, lokalizacja_id, nr_faktury_dostawcy, data_dostawy, pracownik_id, dostawca_id, szablon_id, Data_do_usuwania) VALUES ('195', '2024-07-26', '0.80', '36.20', '310.00', '310.00', 'x', 'G1414105-3', '1', 'WZ 4360/40/2024', '2024-08-13', '20', '6', '53', '2026-04-26');
INSERT INTO `tasma` (id, data_z_etykiety_na_kregu, grubosc, szerokosc, waga_kregu, waga_kregu_na_stanie, nr_etykieta_paletowa, nr_z_etykiety_na_kregu, lokalizacja_id, nr_faktury_dostawcy, data_dostawy, pracownik_id, dostawca_id, szablon_id, Data_do_usuwania) VALUES ('196', '2024-02-29', '0.80', '36.20', '254.00', '254.00', 'x', '0089-7', '1', 'WZ 2402/01886', '2024-02-29', '20', '10', '53', '2026-04-26');
INSERT INTO `tasma` (id, data_z_etykiety_na_kregu, grubosc, szerokosc, waga_kregu, waga_kregu_na_stanie, nr_etykieta_paletowa, nr_z_etykiety_na_kregu, lokalizacja_id, nr_faktury_dostawcy, data_dostawy, pracownik_id, dostawca_id, szablon_id, Data_do_usuwania) VALUES ('197', '2023-10-11', '0.80', '36.20', '163.00', '163.00', 'x', '11936288-5', '1', '83227455', '2023-10-12', '20', '13', '53', '2026-04-26');
INSERT INTO `tasma` (id, data_z_etykiety_na_kregu, grubosc, szerokosc, waga_kregu, waga_kregu_na_stanie, nr_etykieta_paletowa, nr_z_etykiety_na_kregu, lokalizacja_id, nr_faktury_dostawcy, data_dostawy, pracownik_id, dostawca_id, szablon_id, Data_do_usuwania) VALUES ('198', '2024-08-13', '0.80', '29.30', '157.00', '157.00', 'x', 'G1422133-10', '1', 'WZ 4379/40/2024', '2024-08-13', '20', '6', '54', '2026-04-26');
INSERT INTO `tasma` (id, data_z_etykiety_na_kregu, grubosc, szerokosc, waga_kregu, waga_kregu_na_stanie, nr_etykieta_paletowa, nr_z_etykiety_na_kregu, lokalizacja_id, nr_faktury_dostawcy, data_dostawy, pracownik_id, dostawca_id, szablon_id, Data_do_usuwania) VALUES ('199', '2024-08-13', '0.80', '29.30', '157.00', '157.00', 'x', 'G1422133-11', '1', 'WZ 4379/40/2024', '2024-08-13', '20', '6', '54', '2026-04-26');
INSERT INTO `tasma` (id, data_z_etykiety_na_kregu, grubosc, szerokosc, waga_kregu, waga_kregu_na_stanie, nr_etykieta_paletowa, nr_z_etykiety_na_kregu, lokalizacja_id, nr_faktury_dostawcy, data_dostawy, pracownik_id, dostawca_id, szablon_id, Data_do_usuwania) VALUES ('200', '2025-04-28', '0.50', '60.00', '1030.00', '0.00', 'x', 'TEST1234', '1', 'TEST1234', '2025-04-28', '20', '6', '58', '2026-04-28');
INSERT INTO `tasma` (id, data_z_etykiety_na_kregu, grubosc, szerokosc, waga_kregu, waga_kregu_na_stanie, nr_etykieta_paletowa, nr_z_etykiety_na_kregu, lokalizacja_id, nr_faktury_dostawcy, data_dostawy, pracownik_id, dostawca_id, szablon_id, Data_do_usuwania) VALUES ('201', '2025-04-24', '0.50', '38.60', '354.50', '354.50', 'x', '5694-1', '1', 'WZ/1357/04/2025/MG', '2025-04-28', '20', '7', '11', '2026-04-28');
INSERT INTO `tasma` (id, data_z_etykiety_na_kregu, grubosc, szerokosc, waga_kregu, waga_kregu_na_stanie, nr_etykieta_paletowa, nr_z_etykiety_na_kregu, lokalizacja_id, nr_faktury_dostawcy, data_dostawy, pracownik_id, dostawca_id, szablon_id, Data_do_usuwania) VALUES ('202', '2025-04-24', '0.50', '38.60', '354.50', '354.50', 'x', '5694-2', '1', 'WZ/1357/04/2025/MG', '2025-04-28', '20', '7', '11', '2026-04-28');
INSERT INTO `tasma` (id, data_z_etykiety_na_kregu, grubosc, szerokosc, waga_kregu, waga_kregu_na_stanie, nr_etykieta_paletowa, nr_z_etykiety_na_kregu, lokalizacja_id, nr_faktury_dostawcy, data_dostawy, pracownik_id, dostawca_id, szablon_id, Data_do_usuwania) VALUES ('203', '2025-04-24', '0.50', '38.60', '354.50', '354.50', 'x', '5694-3', '1', 'WZ/1357/04/2025/MG', '2025-04-28', '20', '7', '11', '2026-04-28');
INSERT INTO `tasma` (id, data_z_etykiety_na_kregu, grubosc, szerokosc, waga_kregu, waga_kregu_na_stanie, nr_etykieta_paletowa, nr_z_etykiety_na_kregu, lokalizacja_id, nr_faktury_dostawcy, data_dostawy, pracownik_id, dostawca_id, szablon_id, Data_do_usuwania) VALUES ('204', '2025-04-24', '0.50', '38.60', '354.50', '354.50', 'x', '5694-4', '1', 'WZ/1357/04/2025/MG', '2025-04-28', '20', '7', '11', '2026-04-28');
INSERT INTO `tasma` (id, data_z_etykiety_na_kregu, grubosc, szerokosc, waga_kregu, waga_kregu_na_stanie, nr_etykieta_paletowa, nr_z_etykiety_na_kregu, lokalizacja_id, nr_faktury_dostawcy, data_dostawy, pracownik_id, dostawca_id, szablon_id, Data_do_usuwania) VALUES ('205', '2025-04-24', '0.50', '38.60', '359.50', '359.50', 'x', '5683-1', '1', 'WZ/1357/04/2025/MG', '2025-04-28', '20', '7', '11', '2026-04-28');
INSERT INTO `tasma` (id, data_z_etykiety_na_kregu, grubosc, szerokosc, waga_kregu, waga_kregu_na_stanie, nr_etykieta_paletowa, nr_z_etykiety_na_kregu, lokalizacja_id, nr_faktury_dostawcy, data_dostawy, pracownik_id, dostawca_id, szablon_id, Data_do_usuwania) VALUES ('206', '2025-04-24', '0.50', '38.60', '359.50', '359.50', 'x', '5683-2', '1', 'WZ/1357/04/2025/MG', '2025-04-28', '20', '7', '11', '2026-04-28');
INSERT INTO `tasma` (id, data_z_etykiety_na_kregu, grubosc, szerokosc, waga_kregu, waga_kregu_na_stanie, nr_etykieta_paletowa, nr_z_etykiety_na_kregu, lokalizacja_id, nr_faktury_dostawcy, data_dostawy, pracownik_id, dostawca_id, szablon_id, Data_do_usuwania) VALUES ('207', '2025-04-24', '0.50', '38.60', '359.50', '359.50', 'x', '5683-3', '1', 'WZ/1357/04/2025/MG', '2025-04-28', '20', '7', '11', '2026-04-28');
INSERT INTO `tasma` (id, data_z_etykiety_na_kregu, grubosc, szerokosc, waga_kregu, waga_kregu_na_stanie, nr_etykieta_paletowa, nr_z_etykiety_na_kregu, lokalizacja_id, nr_faktury_dostawcy, data_dostawy, pracownik_id, dostawca_id, szablon_id, Data_do_usuwania) VALUES ('208', '2025-04-24', '0.50', '38.60', '359.50', '359.50', 'x', '5683-4', '1', 'WZ/1357/04/2025/MG', '2025-04-28', '20', '7', '11', '2026-04-28');
INSERT INTO `tasma` (id, data_z_etykiety_na_kregu, grubosc, szerokosc, waga_kregu, waga_kregu_na_stanie, nr_etykieta_paletowa, nr_z_etykiety_na_kregu, lokalizacja_id, nr_faktury_dostawcy, data_dostawy, pracownik_id, dostawca_id, szablon_id, Data_do_usuwania) VALUES ('209', '2025-04-24', '0.50', '38.60', '347.00', '347.00', 'x', '5706-1', '1', 'WZ/1357/04/2025/MG', '2025-04-28', '20', '7', '11', '2026-04-28');
INSERT INTO `tasma` (id, data_z_etykiety_na_kregu, grubosc, szerokosc, waga_kregu, waga_kregu_na_stanie, nr_etykieta_paletowa, nr_z_etykiety_na_kregu, lokalizacja_id, nr_faktury_dostawcy, data_dostawy, pracownik_id, dostawca_id, szablon_id, Data_do_usuwania) VALUES ('210', '2025-04-24', '0.50', '38.60', '347.00', '347.00', 'x', '5706-2', '1', 'WZ/1357/04/2025/MG', '2025-04-28', '20', '7', '11', '2026-04-28');
INSERT INTO `tasma` (id, data_z_etykiety_na_kregu, grubosc, szerokosc, waga_kregu, waga_kregu_na_stanie, nr_etykieta_paletowa, nr_z_etykiety_na_kregu, lokalizacja_id, nr_faktury_dostawcy, data_dostawy, pracownik_id, dostawca_id, szablon_id, Data_do_usuwania) VALUES ('211', '2025-04-24', '0.50', '38.60', '347.00', '347.00', 'x', '5706-3', '1', 'WZ/1357/04/2025/MG', '2025-04-28', '20', '7', '11', '2026-04-28');
INSERT INTO `tasma` (id, data_z_etykiety_na_kregu, grubosc, szerokosc, waga_kregu, waga_kregu_na_stanie, nr_etykieta_paletowa, nr_z_etykiety_na_kregu, lokalizacja_id, nr_faktury_dostawcy, data_dostawy, pracownik_id, dostawca_id, szablon_id, Data_do_usuwania) VALUES ('212', '2025-04-24', '0.50', '38.60', '347.00', '347.00', 'x', '5706-4', '1', 'WZ/1357/04/2025/MG', '2025-04-28', '20', '7', '11', '2026-04-28');
INSERT INTO `tasma` (id, data_z_etykiety_na_kregu, grubosc, szerokosc, waga_kregu, waga_kregu_na_stanie, nr_etykieta_paletowa, nr_z_etykiety_na_kregu, lokalizacja_id, nr_faktury_dostawcy, data_dostawy, pracownik_id, dostawca_id, szablon_id, Data_do_usuwania) VALUES ('213', '2025-04-22', '0.50', '60.00', '540.00', '540.00', 'x', '1003-1', '1', 'WZ/1357/04/2025/MG', '2025-04-28', '20', '7', '58', '2026-04-28');
INSERT INTO `tasma` (id, data_z_etykiety_na_kregu, grubosc, szerokosc, waga_kregu, waga_kregu_na_stanie, nr_etykieta_paletowa, nr_z_etykiety_na_kregu, lokalizacja_id, nr_faktury_dostawcy, data_dostawy, pracownik_id, dostawca_id, szablon_id, Data_do_usuwania) VALUES ('214', '2025-04-22', '0.50', '60.00', '540.00', '540.00', 'x', '1003-2', '1', 'WZ/1357/04/2025/MG', '2025-04-28', '20', '7', '58', '2026-04-28');
INSERT INTO `tasma` (id, data_z_etykiety_na_kregu, grubosc, szerokosc, waga_kregu, waga_kregu_na_stanie, nr_etykieta_paletowa, nr_z_etykiety_na_kregu, lokalizacja_id, nr_faktury_dostawcy, data_dostawy, pracownik_id, dostawca_id, szablon_id, Data_do_usuwania) VALUES ('215', '2025-04-22', '0.50', '60.00', '540.00', '540.00', 'x', '1003-3', '1', 'WZ/1357/04/2025/MG', '2025-04-28', '20', '7', '58', '2026-04-28');
INSERT INTO `tasma` (id, data_z_etykiety_na_kregu, grubosc, szerokosc, waga_kregu, waga_kregu_na_stanie, nr_etykieta_paletowa, nr_z_etykiety_na_kregu, lokalizacja_id, nr_faktury_dostawcy, data_dostawy, pracownik_id, dostawca_id, szablon_id, Data_do_usuwania) VALUES ('216', '2025-04-22', '0.50', '60.00', '562.00', '562.00', 'x', '0991-1', '1', 'WZ/1357/04/2025/MG', '2025-04-28', '20', '7', '58', '2026-04-28');
INSERT INTO `tasma` (id, data_z_etykiety_na_kregu, grubosc, szerokosc, waga_kregu, waga_kregu_na_stanie, nr_etykieta_paletowa, nr_z_etykiety_na_kregu, lokalizacja_id, nr_faktury_dostawcy, data_dostawy, pracownik_id, dostawca_id, szablon_id, Data_do_usuwania) VALUES ('217', '2025-04-22', '0.50', '60.00', '562.00', '562.00', 'x', '0991-2', '1', 'WZ/1357/04/2025/MG', '2025-04-28', '20', '7', '58', '2026-04-28');
INSERT INTO `tasma` (id, data_z_etykiety_na_kregu, grubosc, szerokosc, waga_kregu, waga_kregu_na_stanie, nr_etykieta_paletowa, nr_z_etykiety_na_kregu, lokalizacja_id, nr_faktury_dostawcy, data_dostawy, pracownik_id, dostawca_id, szablon_id, Data_do_usuwania) VALUES ('218', '2025-04-22', '0.50', '60.00', '561.00', '561.00', 'x', '0991-3', '1', 'WZ/1357/04/2025/MG', '2025-04-28', '20', '7', '58', '2026-04-28');
INSERT INTO `tasma` (id, data_z_etykiety_na_kregu, grubosc, szerokosc, waga_kregu, waga_kregu_na_stanie, nr_etykieta_paletowa, nr_z_etykiety_na_kregu, lokalizacja_id, nr_faktury_dostawcy, data_dostawy, pracownik_id, dostawca_id, szablon_id, Data_do_usuwania) VALUES ('219', '2025-04-22', '0.50', '60.00', '542.50', '542.50', 'x', '1014-1', '1', 'WZ/1357/04/2025/MG', '2025-04-28', '20', '7', '58', '2026-04-28');
INSERT INTO `tasma` (id, data_z_etykiety_na_kregu, grubosc, szerokosc, waga_kregu, waga_kregu_na_stanie, nr_etykieta_paletowa, nr_z_etykiety_na_kregu, lokalizacja_id, nr_faktury_dostawcy, data_dostawy, pracownik_id, dostawca_id, szablon_id, Data_do_usuwania) VALUES ('220', '2025-04-22', '0.50', '60.00', '542.50', '0.00', 'x', '1014-2', '1', 'WZ/1357/04/2025/MG', '2025-04-28', '20', '7', '58', '2026-04-28');
INSERT INTO `tasma` (id, data_z_etykiety_na_kregu, grubosc, szerokosc, waga_kregu, waga_kregu_na_stanie, nr_etykieta_paletowa, nr_z_etykiety_na_kregu, lokalizacja_id, nr_faktury_dostawcy, data_dostawy, pracownik_id, dostawca_id, szablon_id, Data_do_usuwania) VALUES ('221', '2025-04-25', '0.80', '29.30', '141.00', '141.00', 'x', '3539-1', '1', 'WZ/1486/04/2025/MG', '2025-04-30', '20', '7', '54', '2026-04-30');
INSERT INTO `tasma` (id, data_z_etykiety_na_kregu, grubosc, szerokosc, waga_kregu, waga_kregu_na_stanie, nr_etykieta_paletowa, nr_z_etykiety_na_kregu, lokalizacja_id, nr_faktury_dostawcy, data_dostawy, pracownik_id, dostawca_id, szablon_id, Data_do_usuwania) VALUES ('222', '2025-04-25', '0.80', '29.30', '141.00', '141.00', 'x', '3539-2', '1', 'WZ/1486/04/2025/MG', '2025-04-30', '20', '7', '54', '2026-04-30');
INSERT INTO `tasma` (id, data_z_etykiety_na_kregu, grubosc, szerokosc, waga_kregu, waga_kregu_na_stanie, nr_etykieta_paletowa, nr_z_etykiety_na_kregu, lokalizacja_id, nr_faktury_dostawcy, data_dostawy, pracownik_id, dostawca_id, szablon_id, Data_do_usuwania) VALUES ('223', '2025-04-25', '0.80', '29.30', '141.00', '141.00', 'x', '3539-3', '1', 'WZ/1486/04/2025/MG', '2025-04-30', '20', '7', '54', '2026-04-30');
INSERT INTO `tasma` (id, data_z_etykiety_na_kregu, grubosc, szerokosc, waga_kregu, waga_kregu_na_stanie, nr_etykieta_paletowa, nr_z_etykiety_na_kregu, lokalizacja_id, nr_faktury_dostawcy, data_dostawy, pracownik_id, dostawca_id, szablon_id, Data_do_usuwania) VALUES ('224', '2025-04-25', '0.80', '29.30', '141.00', '141.00', 'x', '3539-4', '1', 'WZ/1486/04/2025/MG', '2025-04-30', '20', '7', '54', '2026-04-30');
INSERT INTO `tasma` (id, data_z_etykiety_na_kregu, grubosc, szerokosc, waga_kregu, waga_kregu_na_stanie, nr_etykieta_paletowa, nr_z_etykiety_na_kregu, lokalizacja_id, nr_faktury_dostawcy, data_dostawy, pracownik_id, dostawca_id, szablon_id, Data_do_usuwania) VALUES ('225', '2025-04-25', '0.80', '29.30', '141.00', '141.00', 'x', '3539-5', '1', 'WZ/1486/04/2025/MG', '2025-04-30', '20', '7', '54', '2026-04-30');
INSERT INTO `tasma` (id, data_z_etykiety_na_kregu, grubosc, szerokosc, waga_kregu, waga_kregu_na_stanie, nr_etykieta_paletowa, nr_z_etykiety_na_kregu, lokalizacja_id, nr_faktury_dostawcy, data_dostawy, pracownik_id, dostawca_id, szablon_id, Data_do_usuwania) VALUES ('226', '2025-04-25', '0.80', '29.30', '140.00', '140.00', 'x', '3539-6', '1', 'WZ/1486/04/2025/MG', '2025-04-30', '20', '7', '54', '2026-04-30');
INSERT INTO `tasma` (id, data_z_etykiety_na_kregu, grubosc, szerokosc, waga_kregu, waga_kregu_na_stanie, nr_etykieta_paletowa, nr_z_etykiety_na_kregu, lokalizacja_id, nr_faktury_dostawcy, data_dostawy, pracownik_id, dostawca_id, szablon_id, Data_do_usuwania) VALUES ('227', '2025-04-25', '0.80', '29.30', '140.00', '140.00', 'x', '3539-7', '1', 'WZ/1486/04/2025/MG', '2025-04-30', '20', '7', '54', '2026-04-30');
INSERT INTO `tasma` (id, data_z_etykiety_na_kregu, grubosc, szerokosc, waga_kregu, waga_kregu_na_stanie, nr_etykieta_paletowa, nr_z_etykiety_na_kregu, lokalizacja_id, nr_faktury_dostawcy, data_dostawy, pracownik_id, dostawca_id, szablon_id, Data_do_usuwania) VALUES ('228', '2025-04-25', '0.80', '29.30', '142.00', '142.00', 'x', '3483-1', '1', 'WZ/1486/04/2025/MG', '2025-04-30', '20', '7', '54', '2026-04-30');
INSERT INTO `tasma` (id, data_z_etykiety_na_kregu, grubosc, szerokosc, waga_kregu, waga_kregu_na_stanie, nr_etykieta_paletowa, nr_z_etykiety_na_kregu, lokalizacja_id, nr_faktury_dostawcy, data_dostawy, pracownik_id, dostawca_id, szablon_id, Data_do_usuwania) VALUES ('229', '2025-04-25', '0.80', '29.30', '142.00', '142.00', 'x', '3483-2', '1', 'WZ/1486/04/2025/MG', '2025-04-30', '20', '7', '54', '2026-04-30');
INSERT INTO `tasma` (id, data_z_etykiety_na_kregu, grubosc, szerokosc, waga_kregu, waga_kregu_na_stanie, nr_etykieta_paletowa, nr_z_etykiety_na_kregu, lokalizacja_id, nr_faktury_dostawcy, data_dostawy, pracownik_id, dostawca_id, szablon_id, Data_do_usuwania) VALUES ('230', '2025-04-25', '0.80', '29.30', '142.00', '142.00', 'x', '3483-3', '1', 'WZ/1486/04/2025/MG', '2025-04-30', '20', '7', '54', '2026-04-30');
INSERT INTO `tasma` (id, data_z_etykiety_na_kregu, grubosc, szerokosc, waga_kregu, waga_kregu_na_stanie, nr_etykieta_paletowa, nr_z_etykiety_na_kregu, lokalizacja_id, nr_faktury_dostawcy, data_dostawy, pracownik_id, dostawca_id, szablon_id, Data_do_usuwania) VALUES ('231', '2025-04-25', '0.80', '29.30', '141.00', '141.00', 'x', '3483-4', '1', 'WZ/1486/04/2025/MG', '2025-04-30', '20', '7', '54', '2026-04-30');
INSERT INTO `tasma` (id, data_z_etykiety_na_kregu, grubosc, szerokosc, waga_kregu, waga_kregu_na_stanie, nr_etykieta_paletowa, nr_z_etykiety_na_kregu, lokalizacja_id, nr_faktury_dostawcy, data_dostawy, pracownik_id, dostawca_id, szablon_id, Data_do_usuwania) VALUES ('232', '2025-04-25', '0.80', '29.30', '141.00', '141.00', 'x', '3483-5', '1', 'WZ/1486/04/2025/MG', '2025-04-30', '20', '7', '54', '2026-04-30');
INSERT INTO `tasma` (id, data_z_etykiety_na_kregu, grubosc, szerokosc, waga_kregu, waga_kregu_na_stanie, nr_etykieta_paletowa, nr_z_etykiety_na_kregu, lokalizacja_id, nr_faktury_dostawcy, data_dostawy, pracownik_id, dostawca_id, szablon_id, Data_do_usuwania) VALUES ('233', '2025-04-25', '0.80', '29.30', '141.00', '141.00', 'x', '3483-6', '1', 'WZ/1486/04/2025/MG', '2025-04-30', '20', '7', '54', '2026-04-30');
INSERT INTO `tasma` (id, data_z_etykiety_na_kregu, grubosc, szerokosc, waga_kregu, waga_kregu_na_stanie, nr_etykieta_paletowa, nr_z_etykiety_na_kregu, lokalizacja_id, nr_faktury_dostawcy, data_dostawy, pracownik_id, dostawca_id, szablon_id, Data_do_usuwania) VALUES ('234', '2025-04-25', '0.80', '29.30', '141.00', '141.00', 'x', '3483-7', '1', 'WZ/1486/04/2025/MG', '2025-04-30', '20', '7', '54', '2026-04-30');
INSERT INTO `tasma` (id, data_z_etykiety_na_kregu, grubosc, szerokosc, waga_kregu, waga_kregu_na_stanie, nr_etykieta_paletowa, nr_z_etykiety_na_kregu, lokalizacja_id, nr_faktury_dostawcy, data_dostawy, pracownik_id, dostawca_id, szablon_id, Data_do_usuwania) VALUES ('235', '2025-04-25', '0.80', '36.20', '174.00', '174.00', 'x', '3584-1', '1', 'WZ/1486/04/2025/MG', '2025-04-30', '20', '7', '53', '2026-04-30');
INSERT INTO `tasma` (id, data_z_etykiety_na_kregu, grubosc, szerokosc, waga_kregu, waga_kregu_na_stanie, nr_etykieta_paletowa, nr_z_etykiety_na_kregu, lokalizacja_id, nr_faktury_dostawcy, data_dostawy, pracownik_id, dostawca_id, szablon_id, Data_do_usuwania) VALUES ('236', '2025-04-25', '0.80', '36.20', '173.00', '173.00', 'x', '3584-2', '1', 'WZ/1486/04/2025/MG', '2025-04-30', '20', '7', '53', '2026-04-30');
INSERT INTO `tasma` (id, data_z_etykiety_na_kregu, grubosc, szerokosc, waga_kregu, waga_kregu_na_stanie, nr_etykieta_paletowa, nr_z_etykiety_na_kregu, lokalizacja_id, nr_faktury_dostawcy, data_dostawy, pracownik_id, dostawca_id, szablon_id, Data_do_usuwania) VALUES ('237', '2025-04-25', '0.80', '36.20', '173.00', '173.00', 'x', '3584-3', '1', 'WZ/1486/04/2025/MG', '2025-04-30', '20', '7', '53', '2026-04-30');
INSERT INTO `tasma` (id, data_z_etykiety_na_kregu, grubosc, szerokosc, waga_kregu, waga_kregu_na_stanie, nr_etykieta_paletowa, nr_z_etykiety_na_kregu, lokalizacja_id, nr_faktury_dostawcy, data_dostawy, pracownik_id, dostawca_id, szablon_id, Data_do_usuwania) VALUES ('238', '2025-04-25', '0.80', '36.20', '173.00', '173.00', 'x', '3584-4', '1', 'WZ/1486/04/2025/MG', '2025-04-30', '20', '7', '53', '2026-04-30');
INSERT INTO `tasma` (id, data_z_etykiety_na_kregu, grubosc, szerokosc, waga_kregu, waga_kregu_na_stanie, nr_etykieta_paletowa, nr_z_etykiety_na_kregu, lokalizacja_id, nr_faktury_dostawcy, data_dostawy, pracownik_id, dostawca_id, szablon_id, Data_do_usuwania) VALUES ('239', '2025-04-25', '0.80', '36.20', '173.00', '173.00', 'x', '3584-5', '1', 'WZ/1486/04/2025/MG', '2025-04-30', '20', '7', '53', '2026-04-30');
INSERT INTO `tasma` (id, data_z_etykiety_na_kregu, grubosc, szerokosc, waga_kregu, waga_kregu_na_stanie, nr_etykieta_paletowa, nr_z_etykiety_na_kregu, lokalizacja_id, nr_faktury_dostawcy, data_dostawy, pracownik_id, dostawca_id, szablon_id, Data_do_usuwania) VALUES ('240', '2025-04-25', '0.80', '36.20', '173.00', '173.00', 'x', '3584-6', '1', 'WZ/1486/04/2025/MG', '2025-04-30', '20', '7', '53', '2026-04-30');
INSERT INTO `tasma` (id, data_z_etykiety_na_kregu, grubosc, szerokosc, waga_kregu, waga_kregu_na_stanie, nr_etykieta_paletowa, nr_z_etykiety_na_kregu, lokalizacja_id, nr_faktury_dostawcy, data_dostawy, pracownik_id, dostawca_id, szablon_id, Data_do_usuwania) VALUES ('241', '2025-04-25', '0.80', '36.20', '173.00', '173.00', 'x', '3584-7', '1', 'WZ/1486/04/2025/MG', '2025-04-30', '20', '7', '53', '2026-04-30');
INSERT INTO `tasma` (id, data_z_etykiety_na_kregu, grubosc, szerokosc, waga_kregu, waga_kregu_na_stanie, nr_etykieta_paletowa, nr_z_etykiety_na_kregu, lokalizacja_id, nr_faktury_dostawcy, data_dostawy, pracownik_id, dostawca_id, szablon_id, Data_do_usuwania) VALUES ('242', '2025-04-25', '0.80', '36.20', '173.00', '173.00', 'x', '3584-8', '1', 'WZ/1486/04/2025/MG', '2025-04-30', '20', '7', '53', '2026-04-30');
INSERT INTO `tasma` (id, data_z_etykiety_na_kregu, grubosc, szerokosc, waga_kregu, waga_kregu_na_stanie, nr_etykieta_paletowa, nr_z_etykiety_na_kregu, lokalizacja_id, nr_faktury_dostawcy, data_dostawy, pracownik_id, dostawca_id, szablon_id, Data_do_usuwania) VALUES ('243', '2025-04-25', '0.80', '36.20', '175.00', '175.00', 'x', '3528-1', '1', 'WZ/1486/04/2025/MG', '2025-04-30', '20', '7', '53', '2026-04-30');
INSERT INTO `tasma` (id, data_z_etykiety_na_kregu, grubosc, szerokosc, waga_kregu, waga_kregu_na_stanie, nr_etykieta_paletowa, nr_z_etykiety_na_kregu, lokalizacja_id, nr_faktury_dostawcy, data_dostawy, pracownik_id, dostawca_id, szablon_id, Data_do_usuwania) VALUES ('244', '2025-04-25', '0.80', '36.20', '175.00', '175.00', 'x', '3528-2', '1', 'WZ/1486/04/2025/MG', '2025-04-30', '20', '7', '53', '2026-04-30');
INSERT INTO `tasma` (id, data_z_etykiety_na_kregu, grubosc, szerokosc, waga_kregu, waga_kregu_na_stanie, nr_etykieta_paletowa, nr_z_etykiety_na_kregu, lokalizacja_id, nr_faktury_dostawcy, data_dostawy, pracownik_id, dostawca_id, szablon_id, Data_do_usuwania) VALUES ('245', '2025-04-25', '0.80', '36.20', '175.00', '175.00', 'x', '3528-3', '1', 'WZ/1486/04/2025/MG', '2025-04-30', '20', '7', '53', '2026-04-30');
INSERT INTO `tasma` (id, data_z_etykiety_na_kregu, grubosc, szerokosc, waga_kregu, waga_kregu_na_stanie, nr_etykieta_paletowa, nr_z_etykiety_na_kregu, lokalizacja_id, nr_faktury_dostawcy, data_dostawy, pracownik_id, dostawca_id, szablon_id, Data_do_usuwania) VALUES ('246', '2025-04-25', '0.80', '36.20', '174.00', '174.00', 'x', '3528-4', '1', 'WZ/1486/04/2025/MG', '2025-04-30', '20', '7', '53', '2026-04-30');
INSERT INTO `tasma` (id, data_z_etykiety_na_kregu, grubosc, szerokosc, waga_kregu, waga_kregu_na_stanie, nr_etykieta_paletowa, nr_z_etykiety_na_kregu, lokalizacja_id, nr_faktury_dostawcy, data_dostawy, pracownik_id, dostawca_id, szablon_id, Data_do_usuwania) VALUES ('247', '2025-04-25', '0.80', '36.20', '174.00', '174.00', 'x', '3528-5', '1', 'WZ/1486/04/2025/MG', '2025-04-30', '20', '7', '53', '2026-04-30');
INSERT INTO `tasma` (id, data_z_etykiety_na_kregu, grubosc, szerokosc, waga_kregu, waga_kregu_na_stanie, nr_etykieta_paletowa, nr_z_etykiety_na_kregu, lokalizacja_id, nr_faktury_dostawcy, data_dostawy, pracownik_id, dostawca_id, szablon_id, Data_do_usuwania) VALUES ('248', '2025-04-25', '0.80', '36.20', '174.00', '174.00', 'x', '3528-6', '1', 'WZ/1486/04/2025/MG', '2025-04-30', '20', '7', '53', '2026-04-30');
INSERT INTO `tasma` (id, data_z_etykiety_na_kregu, grubosc, szerokosc, waga_kregu, waga_kregu_na_stanie, nr_etykieta_paletowa, nr_z_etykiety_na_kregu, lokalizacja_id, nr_faktury_dostawcy, data_dostawy, pracownik_id, dostawca_id, szablon_id, Data_do_usuwania) VALUES ('249', '2025-04-25', '0.80', '36.20', '174.00', '174.00', 'x', '3528-7', '1', 'WZ/1486/04/2025/MG', '2025-04-30', '20', '7', '53', '2026-04-30');
INSERT INTO `tasma` (id, data_z_etykiety_na_kregu, grubosc, szerokosc, waga_kregu, waga_kregu_na_stanie, nr_etykieta_paletowa, nr_z_etykiety_na_kregu, lokalizacja_id, nr_faktury_dostawcy, data_dostawy, pracownik_id, dostawca_id, szablon_id, Data_do_usuwania) VALUES ('250', '2025-04-25', '0.80', '36.20', '174.00', '174.00', 'x', '3528-8', '1', 'WZ/1486/04/2025/MG', '2025-04-30', '20', '7', '53', '2026-04-30');
INSERT INTO `tasma` (id, data_z_etykiety_na_kregu, grubosc, szerokosc, waga_kregu, waga_kregu_na_stanie, nr_etykieta_paletowa, nr_z_etykiety_na_kregu, lokalizacja_id, nr_faktury_dostawcy, data_dostawy, pracownik_id, dostawca_id, szablon_id, Data_do_usuwania) VALUES ('251', '2025-04-25', '0.80', '57.20', '277.00', '277.00', 'x', '3573-1', '1', 'WZ/1486/04/2025/MG', '2025-04-30', '20', '7', '55', '2026-04-30');
INSERT INTO `tasma` (id, data_z_etykiety_na_kregu, grubosc, szerokosc, waga_kregu, waga_kregu_na_stanie, nr_etykieta_paletowa, nr_z_etykiety_na_kregu, lokalizacja_id, nr_faktury_dostawcy, data_dostawy, pracownik_id, dostawca_id, szablon_id, Data_do_usuwania) VALUES ('252', '2025-04-25', '0.80', '57.20', '277.00', '277.00', 'x', '3573-2', '1', 'WZ/1486/04/2025/MG', '2025-04-30', '20', '7', '55', '2026-04-30');
INSERT INTO `tasma` (id, data_z_etykiety_na_kregu, grubosc, szerokosc, waga_kregu, waga_kregu_na_stanie, nr_etykieta_paletowa, nr_z_etykiety_na_kregu, lokalizacja_id, nr_faktury_dostawcy, data_dostawy, pracownik_id, dostawca_id, szablon_id, Data_do_usuwania) VALUES ('253', '2025-04-25', '0.80', '57.20', '276.00', '276.00', 'x', '3573-3', '1', 'WZ/1486/04/2025/MG', '2025-04-30', '20', '7', '55', '2026-04-30');
INSERT INTO `tasma` (id, data_z_etykiety_na_kregu, grubosc, szerokosc, waga_kregu, waga_kregu_na_stanie, nr_etykieta_paletowa, nr_z_etykiety_na_kregu, lokalizacja_id, nr_faktury_dostawcy, data_dostawy, pracownik_id, dostawca_id, szablon_id, Data_do_usuwania) VALUES ('254', '2025-04-25', '0.80', '57.20', '279.00', '279.00', 'x', '3562-1', '1', 'WZ/1486/04/2025/MG', '2025-04-30', '20', '7', '55', '2026-04-30');
INSERT INTO `tasma` (id, data_z_etykiety_na_kregu, grubosc, szerokosc, waga_kregu, waga_kregu_na_stanie, nr_etykieta_paletowa, nr_z_etykiety_na_kregu, lokalizacja_id, nr_faktury_dostawcy, data_dostawy, pracownik_id, dostawca_id, szablon_id, Data_do_usuwania) VALUES ('255', '2025-04-25', '0.80', '57.20', '278.00', '278.00', 'x', '3562-2', '1', 'WZ/1486/04/2025/MG', '2025-04-30', '20', '7', '55', '2026-04-30');
INSERT INTO `tasma` (id, data_z_etykiety_na_kregu, grubosc, szerokosc, waga_kregu, waga_kregu_na_stanie, nr_etykieta_paletowa, nr_z_etykiety_na_kregu, lokalizacja_id, nr_faktury_dostawcy, data_dostawy, pracownik_id, dostawca_id, szablon_id, Data_do_usuwania) VALUES ('256', '2025-04-25', '0.80', '57.20', '278.00', '278.00', 'x', '3562-3', '1', 'WZ/1486/04/2025/MG', '2025-04-30', '20', '7', '55', '2026-04-30');
INSERT INTO `tasma` (id, data_z_etykiety_na_kregu, grubosc, szerokosc, waga_kregu, waga_kregu_na_stanie, nr_etykieta_paletowa, nr_z_etykiety_na_kregu, lokalizacja_id, nr_faktury_dostawcy, data_dostawy, pracownik_id, dostawca_id, szablon_id, Data_do_usuwania) VALUES ('257', '2025-04-25', '0.80', '57.20', '277.00', '277.00', 'x', '3494-1', '1', 'WZ/1486/04/2025/MG', '2025-04-30', '20', '7', '55', '2026-04-30');
INSERT INTO `tasma` (id, data_z_etykiety_na_kregu, grubosc, szerokosc, waga_kregu, waga_kregu_na_stanie, nr_etykieta_paletowa, nr_z_etykiety_na_kregu, lokalizacja_id, nr_faktury_dostawcy, data_dostawy, pracownik_id, dostawca_id, szablon_id, Data_do_usuwania) VALUES ('258', '2025-04-25', '0.80', '57.20', '276.00', '276.00', 'x', '3494-2', '1', 'WZ/1486/04/2025/MG', '2025-04-30', '20', '7', '55', '2026-04-30');
INSERT INTO `tasma` (id, data_z_etykiety_na_kregu, grubosc, szerokosc, waga_kregu, waga_kregu_na_stanie, nr_etykieta_paletowa, nr_z_etykiety_na_kregu, lokalizacja_id, nr_faktury_dostawcy, data_dostawy, pracownik_id, dostawca_id, szablon_id, Data_do_usuwania) VALUES ('259', '2025-04-25', '0.80', '57.20', '276.00', '276.00', 'x', '3494-3', '1', 'WZ/1486/04/2025/MG', '2025-04-30', '20', '7', '55', '2026-04-30');
INSERT INTO `tasma` (id, data_z_etykiety_na_kregu, grubosc, szerokosc, waga_kregu, waga_kregu_na_stanie, nr_etykieta_paletowa, nr_z_etykiety_na_kregu, lokalizacja_id, nr_faktury_dostawcy, data_dostawy, pracownik_id, dostawca_id, szablon_id, Data_do_usuwania) VALUES ('260', '2025-04-25', '0.80', '57.20', '276.00', '276.00', 'x', '3494-4', '1', 'WZ/1486/04/2025/MG', '2025-04-30', '20', '7', '55', '2026-04-30');
INSERT INTO `tasma` (id, data_z_etykiety_na_kregu, grubosc, szerokosc, waga_kregu, waga_kregu_na_stanie, nr_etykieta_paletowa, nr_z_etykiety_na_kregu, lokalizacja_id, nr_faktury_dostawcy, data_dostawy, pracownik_id, dostawca_id, szablon_id, Data_do_usuwania) VALUES ('261', '2025-04-25', '0.80', '57.20', '277.50', '277.50', 'x', '3517-1', '1', 'WZ/1486/04/2025/MG', '2025-04-30', '20', '7', '55', '2026-04-30');
INSERT INTO `tasma` (id, data_z_etykiety_na_kregu, grubosc, szerokosc, waga_kregu, waga_kregu_na_stanie, nr_etykieta_paletowa, nr_z_etykiety_na_kregu, lokalizacja_id, nr_faktury_dostawcy, data_dostawy, pracownik_id, dostawca_id, szablon_id, Data_do_usuwania) VALUES ('262', '2025-04-25', '0.80', '57.20', '277.50', '277.50', 'x', '3517-2', '1', 'WZ/1486/04/2025/MG', '2025-04-30', '20', '7', '55', '2026-04-30');
INSERT INTO `tasma` (id, data_z_etykiety_na_kregu, grubosc, szerokosc, waga_kregu, waga_kregu_na_stanie, nr_etykieta_paletowa, nr_z_etykiety_na_kregu, lokalizacja_id, nr_faktury_dostawcy, data_dostawy, pracownik_id, dostawca_id, szablon_id, Data_do_usuwania) VALUES ('263', '2025-04-25', '0.80', '57.20', '277.50', '277.50', 'x', '3517-3', '1', 'WZ/1486/04/2025/MG', '2025-04-30', '20', '7', '55', '2026-04-30');
INSERT INTO `tasma` (id, data_z_etykiety_na_kregu, grubosc, szerokosc, waga_kregu, waga_kregu_na_stanie, nr_etykieta_paletowa, nr_z_etykiety_na_kregu, lokalizacja_id, nr_faktury_dostawcy, data_dostawy, pracownik_id, dostawca_id, szablon_id, Data_do_usuwania) VALUES ('264', '2025-04-25', '0.80', '57.20', '277.50', '277.50', 'x', '3517-4', '1', 'WZ/1486/04/2025/MG', '2025-04-30', '20', '7', '55', '2026-04-30');
INSERT INTO `tasma` (id, data_z_etykiety_na_kregu, grubosc, szerokosc, waga_kregu, waga_kregu_na_stanie, nr_etykieta_paletowa, nr_z_etykiety_na_kregu, lokalizacja_id, nr_faktury_dostawcy, data_dostawy, pracownik_id, dostawca_id, szablon_id, Data_do_usuwania) VALUES ('265', '2025-04-25', '0.80', '57.20', '277.50', '277.50', 'x', '3540-1', '1', 'WZ/1486/04/2025/MG', '2025-04-30', '20', '7', '55', '2026-04-30');
INSERT INTO `tasma` (id, data_z_etykiety_na_kregu, grubosc, szerokosc, waga_kregu, waga_kregu_na_stanie, nr_etykieta_paletowa, nr_z_etykiety_na_kregu, lokalizacja_id, nr_faktury_dostawcy, data_dostawy, pracownik_id, dostawca_id, szablon_id, Data_do_usuwania) VALUES ('266', '2025-04-25', '0.80', '57.20', '277.50', '0.00', 'x', '3540-2', '1', 'WZ/1486/04/2025/MG', '2025-04-30', '20', '7', '55', '2026-04-30');
INSERT INTO `tasma` (id, data_z_etykiety_na_kregu, grubosc, szerokosc, waga_kregu, waga_kregu_na_stanie, nr_etykieta_paletowa, nr_z_etykiety_na_kregu, lokalizacja_id, nr_faktury_dostawcy, data_dostawy, pracownik_id, dostawca_id, szablon_id, Data_do_usuwania) VALUES ('267', '2025-04-25', '0.80', '57.20', '277.50', '0.00', 'x', '3540-3', '1', 'WZ/1486/04/2025/MG', '2025-04-30', '20', '7', '55', '2026-04-30');
INSERT INTO `tasma` (id, data_z_etykiety_na_kregu, grubosc, szerokosc, waga_kregu, waga_kregu_na_stanie, nr_etykieta_paletowa, nr_z_etykiety_na_kregu, lokalizacja_id, nr_faktury_dostawcy, data_dostawy, pracownik_id, dostawca_id, szablon_id, Data_do_usuwania) VALUES ('268', '2025-04-25', '0.80', '57.20', '277.50', '277.50', 'x', '3540-4', '1', 'WZ/1486/04/2025/MG', '2025-04-30', '20', '7', '55', '2026-04-30');
INSERT INTO `tasma` (id, data_z_etykiety_na_kregu, grubosc, szerokosc, waga_kregu, waga_kregu_na_stanie, nr_etykieta_paletowa, nr_z_etykiety_na_kregu, lokalizacja_id, nr_faktury_dostawcy, data_dostawy, pracownik_id, dostawca_id, szablon_id, Data_do_usuwania) VALUES ('269', '2025-04-25', '0.80', '57.20', '279.00', '279.00', 'x', '3506-1', '1', 'WZ/1486/04/2025/MG', '2025-04-30', '20', '7', '55', '2026-04-30');
INSERT INTO `tasma` (id, data_z_etykiety_na_kregu, grubosc, szerokosc, waga_kregu, waga_kregu_na_stanie, nr_etykieta_paletowa, nr_z_etykiety_na_kregu, lokalizacja_id, nr_faktury_dostawcy, data_dostawy, pracownik_id, dostawca_id, szablon_id, Data_do_usuwania) VALUES ('270', '2025-04-25', '0.80', '57.20', '279.00', '279.00', 'x', '3506-2', '1', 'WZ/1486/04/2025/MG', '2025-04-30', '20', '7', '55', '2026-04-30');
INSERT INTO `tasma` (id, data_z_etykiety_na_kregu, grubosc, szerokosc, waga_kregu, waga_kregu_na_stanie, nr_etykieta_paletowa, nr_z_etykiety_na_kregu, lokalizacja_id, nr_faktury_dostawcy, data_dostawy, pracownik_id, dostawca_id, szablon_id, Data_do_usuwania) VALUES ('271', '2025-04-25', '0.80', '57.20', '279.00', '279.00', 'x', '3506-3', '1', 'WZ/1486/04/2025/MG', '2025-04-30', '20', '7', '55', '2026-04-30');
INSERT INTO `tasma` (id, data_z_etykiety_na_kregu, grubosc, szerokosc, waga_kregu, waga_kregu_na_stanie, nr_etykieta_paletowa, nr_z_etykiety_na_kregu, lokalizacja_id, nr_faktury_dostawcy, data_dostawy, pracownik_id, dostawca_id, szablon_id, Data_do_usuwania) VALUES ('272', '2025-04-25', '0.80', '57.20', '278.00', '278.00', 'x', '3506-4', '1', 'WZ/1486/04/2025/MG', '2025-04-30', '20', '7', '55', '2026-04-30');
INSERT INTO `tasma` (id, data_z_etykiety_na_kregu, grubosc, szerokosc, waga_kregu, waga_kregu_na_stanie, nr_etykieta_paletowa, nr_z_etykiety_na_kregu, lokalizacja_id, nr_faktury_dostawcy, data_dostawy, pracownik_id, dostawca_id, szablon_id, Data_do_usuwania) VALUES ('273', '2025-04-25', '0.80', '57.20', '280.00', '280.00', 'x', '3551-1', '1', 'WZ/1486/04/2025/MG', '2025-04-30', '20', '7', '55', '2026-04-30');
INSERT INTO `tasma` (id, data_z_etykiety_na_kregu, grubosc, szerokosc, waga_kregu, waga_kregu_na_stanie, nr_etykieta_paletowa, nr_z_etykiety_na_kregu, lokalizacja_id, nr_faktury_dostawcy, data_dostawy, pracownik_id, dostawca_id, szablon_id, Data_do_usuwania) VALUES ('274', '2025-04-25', '0.80', '57.20', '280.00', '280.00', 'x', '3551-2', '1', 'WZ/1486/04/2025/MG', '2025-04-30', '20', '7', '55', '2026-04-30');
INSERT INTO `tasma` (id, data_z_etykiety_na_kregu, grubosc, szerokosc, waga_kregu, waga_kregu_na_stanie, nr_etykieta_paletowa, nr_z_etykiety_na_kregu, lokalizacja_id, nr_faktury_dostawcy, data_dostawy, pracownik_id, dostawca_id, szablon_id, Data_do_usuwania) VALUES ('275', '2025-04-25', '0.80', '57.20', '280.00', '280.00', 'x', '3551-3', '1', 'WZ/1486/04/2025/MG', '2025-04-30', '20', '7', '55', '2026-04-30');
INSERT INTO `tasma` (id, data_z_etykiety_na_kregu, grubosc, szerokosc, waga_kregu, waga_kregu_na_stanie, nr_etykieta_paletowa, nr_z_etykiety_na_kregu, lokalizacja_id, nr_faktury_dostawcy, data_dostawy, pracownik_id, dostawca_id, szablon_id, Data_do_usuwania) VALUES ('276', '2025-04-25', '0.80', '57.20', '280.00', '280.00', 'x', '3551-4', '1', 'WZ/1486/04/2025/MG', '2025-04-30', '20', '7', '55', '2026-04-30');

-- Dane z tabeli `szablon_profile`
INSERT INTO `szablon_profile` (id, nazwa) VALUES ('3', '06359220');
INSERT INTO `szablon_profile` (id, nazwa) VALUES ('4', '06359225');
INSERT INTO `szablon_profile` (id, nazwa) VALUES ('5', '06359232');
INSERT INTO `szablon_profile` (id, nazwa) VALUES ('6', '06359240');
INSERT INTO `szablon_profile` (id, nazwa) VALUES ('7', '06359250');
INSERT INTO `szablon_profile` (id, nazwa) VALUES ('8', '06359263');
INSERT INTO `szablon_profile` (id, nazwa) VALUES ('9', '06359275');
INSERT INTO `szablon_profile` (id, nazwa) VALUES ('10', '0635316');
INSERT INTO `szablon_profile` (id, nazwa) VALUES ('11', '0635320');
INSERT INTO `szablon_profile` (id, nazwa) VALUES ('12', '0635325');
INSERT INTO `szablon_profile` (id, nazwa) VALUES ('13', '0635332');
INSERT INTO `szablon_profile` (id, nazwa) VALUES ('14', 'GF0635316');
INSERT INTO `szablon_profile` (id, nazwa) VALUES ('15', 'GF0635320');
INSERT INTO `szablon_profile` (id, nazwa) VALUES ('16', 'GF0635325');
INSERT INTO `szablon_profile` (id, nazwa) VALUES ('17', 'GF0635332');
INSERT INTO `szablon_profile` (id, nazwa) VALUES ('18', '0635321');
INSERT INTO `szablon_profile` (id, nazwa) VALUES ('19', '0635326');
INSERT INTO `szablon_profile` (id, nazwa) VALUES ('20', 'PROFIL 3030/2.0');
INSERT INTO `szablon_profile` (id, nazwa) VALUES ('21', 'PROFIL 3030/1.5');
INSERT INTO `szablon_profile` (id, nazwa) VALUES ('22', 'PROFIL 3020/1.8');
INSERT INTO `szablon_profile` (id, nazwa) VALUES ('23', 'PROFIL 3020/2.0 (DWU 2/2023 DX51D)');
INSERT INTO `szablon_profile` (id, nazwa) VALUES ('24', 'PROFIL 3015/2.0');
INSERT INTO `szablon_profile` (id, nazwa) VALUES ('25', 'PROFIL 2718/1.2');
INSERT INTO `szablon_profile` (id, nazwa) VALUES ('26', 'PROFIL 2830/1.75');
INSERT INTO `szablon_profile` (id, nazwa) VALUES ('27', 'MXWZC 4040/1.0');
INSERT INTO `szablon_profile` (id, nazwa) VALUES ('28', 'MXWZC 4040/1.2');
INSERT INTO `szablon_profile` (id, nazwa) VALUES ('29', 'MXWZC 4040/1.5');
INSERT INTO `szablon_profile` (id, nazwa) VALUES ('30', 'MXWZC 4040/2.0');
INSERT INTO `szablon_profile` (id, nazwa) VALUES ('31', 'MXWZC 4022/1.0');
INSERT INTO `szablon_profile` (id, nazwa) VALUES ('32', 'MXWZC 4022/1.2');
INSERT INTO `szablon_profile` (id, nazwa) VALUES ('33', 'MXWZC 4022/1.5');
INSERT INTO `szablon_profile` (id, nazwa) VALUES ('34', 'MXWZC 4022/2.0');
INSERT INTO `szablon_profile` (id, nazwa) VALUES ('35', 'PROFIL 3020/2.0 (DWU 11/2023 S250GD)');
INSERT INTO `szablon_profile` (id, nazwa) VALUES ('36', 'Ktownik 35x35x2');
INSERT INTO `szablon_profile` (id, nazwa) VALUES ('37', 'Ktownik 30x30x2');
INSERT INTO `szablon_profile` (id, nazwa) VALUES ('38', 'Ktownik 25x25x2');
INSERT INTO `szablon_profile` (id, nazwa) VALUES ('39', 'MXSTRUT 41x41x2');
INSERT INTO `szablon_profile` (id, nazwa) VALUES ('40', 'MXWZC 4040/2.0/2 (DOLNA PERFORACJA)');
INSERT INTO `szablon_profile` (id, nazwa) VALUES ('41', 'P73086');
INSERT INTO `szablon_profile` (id, nazwa) VALUES ('42', 'P73085');
INSERT INTO `szablon_profile` (id, nazwa) VALUES ('43', '6504025');
INSERT INTO `szablon_profile` (id, nazwa) VALUES ('44', '6504018');
INSERT INTO `szablon_profile` (id, nazwa) VALUES ('45', 'Profil 1 - 40x40x1');
INSERT INTO `szablon_profile` (id, nazwa) VALUES ('46', 'Profil 2 - 35x35x1');
INSERT INTO `szablon_profile` (id, nazwa) VALUES ('47', 'Profil poprzeczny CH 27x21x2');

-- Dane z tabeli `profil`
INSERT INTO `profil` (id, id_tasmy, data_produkcji, godz_min_rozpoczecia, godz_min_zakonczenia, zwrot_na_magazyn_kg, id_szablon_profile, nazwa_klienta_nr_zlecenia_PRODIO, ilosc, ilosc_na_stanie, id_dlugosci, id_pracownika, imie_nazwisko_pracownika, Data_do_usuwania) VALUES ('72', '107', '2025-04-30', '10:39:50', '13:36:55', '0.00', '34', '697/2025', '426', '426', '6', '21', 'ukasz Mischke', '2026-04-30');
INSERT INTO `profil` (id, id_tasmy, data_produkcji, godz_min_rozpoczecia, godz_min_zakonczenia, zwrot_na_magazyn_kg, id_szablon_profile, nazwa_klienta_nr_zlecenia_PRODIO, ilosc, ilosc_na_stanie, id_dlugosci, id_pracownika, imie_nazwisko_pracownika, Data_do_usuwania) VALUES ('73', '220', '2025-04-29', '14:25:37', '20:47:08', '0.00', '3', '614/2025', '2272', '2272', '2', '21', 'Jan Heliski', '2026-04-30');
INSERT INTO `profil` (id, id_tasmy, data_produkcji, godz_min_rozpoczecia, godz_min_zakonczenia, zwrot_na_magazyn_kg, id_szablon_profile, nazwa_klienta_nr_zlecenia_PRODIO, ilosc, ilosc_na_stanie, id_dlugosci, id_pracownika, imie_nazwisko_pracownika, Data_do_usuwania) VALUES ('74', '150', '2025-04-30', '10:48:18', '13:07:04', '0.00', '13', '485/2025', '750', '750', '1', '21', 'Marcin Biegaski', '2026-04-30');
INSERT INTO `profil` (id, id_tasmy, data_produkcji, godz_min_rozpoczecia, godz_min_zakonczenia, zwrot_na_magazyn_kg, id_szablon_profile, nazwa_klienta_nr_zlecenia_PRODIO, ilosc, ilosc_na_stanie, id_dlugosci, id_pracownika, imie_nazwisko_pracownika, Data_do_usuwania) VALUES ('75', '265', '2025-04-30', '13:18:43', NULL, NULL, '13', '485/2025', NULL, NULL, NULL, '21', 'Marcin Biegaski', '2026-04-30');
INSERT INTO `profil` (id, id_tasmy, data_produkcji, godz_min_rozpoczecia, godz_min_zakonczenia, zwrot_na_magazyn_kg, id_szablon_profile, nazwa_klienta_nr_zlecenia_PRODIO, ilosc, ilosc_na_stanie, id_dlugosci, id_pracownika, imie_nazwisko_pracownika, Data_do_usuwania) VALUES ('76', '266', '2025-05-05', '15:20:52', '18:47:12', '0.00', '13', '485/2025', '750', '750', '1', '21', 'Marcin Biegaski', '2026-05-05');
INSERT INTO `profil` (id, id_tasmy, data_produkcji, godz_min_rozpoczecia, godz_min_zakonczenia, zwrot_na_magazyn_kg, id_szablon_profile, nazwa_klienta_nr_zlecenia_PRODIO, ilosc, ilosc_na_stanie, id_dlugosci, id_pracownika, imie_nazwisko_pracownika, Data_do_usuwania) VALUES ('77', '109', '2025-05-05', '17:12:07', NULL, NULL, '3', '718/2025', NULL, NULL, NULL, '21', 'ukasz Mischke', '2026-05-05');
INSERT INTO `profil` (id, id_tasmy, data_produkcji, godz_min_rozpoczecia, godz_min_zakonczenia, zwrot_na_magazyn_kg, id_szablon_profile, nazwa_klienta_nr_zlecenia_PRODIO, ilosc, ilosc_na_stanie, id_dlugosci, id_pracownika, imie_nazwisko_pracownika, Data_do_usuwania) VALUES ('78', '267', '2025-05-05', '18:47:17', '20:41:50', '0.00', '13', '485/2025', '750', '750', '1', '21', 'Marcin Biegaski', '2026-05-05');
INSERT INTO `profil` (id, id_tasmy, data_produkcji, godz_min_rozpoczecia, godz_min_zakonczenia, zwrot_na_magazyn_kg, id_szablon_profile, nazwa_klienta_nr_zlecenia_PRODIO, ilosc, ilosc_na_stanie, id_dlugosci, id_pracownika, imie_nazwisko_pracownika, Data_do_usuwania) VALUES ('79', '268', '2025-05-05', '20:50:52', NULL, NULL, '13', '485/2025', NULL, NULL, NULL, '21', 'Marcin Biegaski', '2026-05-05');


SET FOREIGN_KEY_CHECKS = 1;
